886,คูลเลอร์,images/items/คูเลอร์.jpg,ปกติ,2/20/2024 2:55,2/20/2024 2:55,1,2
1065,ไม้ค้ำยัน ไซส์ 52 กว้าง 18 ซม. สูง 128-136 ซม. (เหมาะสำหรับส่วนสูง 165-174 ซม.),images/items/ไม้ค้ำยัน.jpg,ปกติ,2/21/2024 2:55,2/21/2024 2:55,3,9
345,ธงชาติไทย,images/items/ธงชาติไทย.jpg,ปกติ,2/22/2024 2:55,2/22/2024 2:55,1,1
396,ธงชาติไทย,images/items/ธงชาติไทย.jpg,ปกติ,2/23/2024 2:55,2/23/2024 2:55,1,1
446,ธงชาติไทย,images/items/ธงชาติไทย.jpg,ปกติ,2/24/2024 2:55,2/24/2024 2:55,1,1
86,ธงตราสัญลักษณ์พระนามาภิไธยย่อ ส.ธ.,images/items/ธงตราสัญลักษณ์พระนามาภิไธยย่อ ส.ธ. มวง.png,ปกติ,2/25/2024 2:55,2/25/2024 2:55,1,1
222,ธงตราสัญลักษณ์พระนามาภิไธยย่อ ส.ธ.,images/items/ธงตราสัญลักษณ์พระนามาภิไธยย่อ ส.ธ. มวง.png,ปกติ,2/26/2024 2:55,2/26/2024 2:55,1,1
470,ธงตราสัญลักษณ์พระปรมาภิไธยย่อ ว.ป.ร.,images/items/ธงตราสัญลักษณ์พระปรมาภิไธยย่อ ว.ป.ร. เหลือง.png,ปกติ,2/27/2024 2:55,2/27/2024 2:55,1,1
637,ธงตราสัญลักษณ์พระปรมาภิไธยย่อ ว.ป.ร.,images/items/ธงตราสัญลักษณ์พระปรมาภิไธยย่อ ว.ป.ร. เหลือง.png,ปกติ,2/28/2024 2:55,2/28/2024 2:55,1,1
661,ธงตราสัญลักษณ์พระปรมาภิไธยย่อ ว.ป.ร.,images/items/ธงตราสัญลักษณ์พระปรมาภิไธยย่อ ว.ป.ร. เหลือง.png,ปกติ,2/29/2024 2:55,2/29/2024 2:55,1,1
679,ธงตราสัญลักษณ์พระปรมาภิไธยย่อ ว.ป.ร.,images/items/ธงตราสัญลักษณ์พระปรมาภิไธยย่อ ว.ป.ร. เหลือง.png,ปกติ,3/1/2024 2:55,3/1/2024 2:55,1,1
678,ธงตราสัญลักษณ์พระปรมาภิไธยย่อ ว.ป.ร.,images/items/ธงตราสัญลักษณ์พระปรมาภิไธยย่อ ว.ป.ร. เหลือง.png,ปกติ,3/2/2024 2:55,3/2/2024 2:55,1,1
706,ธงตราสัญลักษณ์พระปรมาภิไธยย่อ ว.ป.ร.,images/items/ธงตราสัญลักษณ์พระปรมาภิไธยย่อ ว.ป.ร. เหลือง.png,ปกติ,3/3/2024 2:55,3/3/2024 2:55,1,1
715,ธงตราสัญลักษณ์พระปรมาภิไธยย่อ ว.ป.ร.,images/items/ธงตราสัญลักษณ์พระปรมาภิไธยย่อ ว.ป.ร. เหลือง.png,ปกติ,3/4/2024 2:55,3/4/2024 2:55,1,1
724,ธงประดับสัญลักษณ์พระนามาภิไธยย่อ ส.ก. น้ำเงิน,images/items/ธงประดับสัญลักษณ์พระนามาภิไธยย่อ ส.ก. น้ำเงิน.png,ปกติ,3/5/2024 2:55,3/5/2024 2:55,1,1
735,ธงประดับสัญลักษณ์พระนามาภิไธยย่อ ส.ก. น้ำเงิน,images/items/ธงประดับสัญลักษณ์พระนามาภิไธยย่อ ส.ก. น้ำเงิน.png,ปกติ,3/6/2024 2:55,3/6/2024 2:55,1,1
732,ธงประดับสัญลักษณ์พระนามาภิไธยย่อ ส.ก. น้ำเงิน,images/items/ธงประดับสัญลักษณ์พระนามาภิไธยย่อ ส.ก. น้ำเงิน.png,ปกติ,3/7/2024 2:55,3/7/2024 2:55,1,1
752,ธงประดับสัญลักษณ์พระนามาภิไธยย่อ ส.ก. น้ำเงิน,images/items/ธงประดับสัญลักษณ์พระนามาภิไธยย่อ ส.ก. น้ำเงิน.png,ปกติ,3/8/2024 2:55,3/8/2024 2:55,1,1
62,ธงตราสัญลักษณ์พระนามาภิไธยย่อ ส.ธ.,images/items/ธงตราสัญลักษณ์พระนามาภิไธยย่อ ส.ธ. มวง.png,ปกติ,3/9/2024 2:55,3/9/2024 2:55,1,1
73,ธงตราสัญลักษณ์พระนามาภิไธยย่อ ส.ธ.,images/items/ธงตราสัญลักษณ์พระนามาภิไธยย่อ ส.ธ. มวง.png,ปกติ,3/10/2024 2:55,3/10/2024 2:55,1,1
169,ธงตราสัญลักษณ์พระนามาภิไธยย่อ ส.ธ.,images/items/ธงตราสัญลักษณ์พระนามาภิไธยย่อ ส.ธ. มวง.png,ปกติ,3/11/2024 2:55,3/11/2024 2:55,1,1
181,ธงตราสัญลักษณ์พระนามาภิไธยย่อ ส.ธ.,images/items/ธงตราสัญลักษณ์พระนามาภิไธยย่อ ส.ธ. มวง.png,ปกติ,3/12/2024 2:55,3/12/2024 2:55,1,1
210,ธงตราสัญลักษณ์พระนามาภิไธยย่อ ส.ธ.,images/items/ธงตราสัญลักษณ์พระนามาภิไธยย่อ ส.ธ. มวง.png,ปกติ,3/13/2024 2:55,3/13/2024 2:55,1,1
214,ธงตราสัญลักษณ์พระนามาภิไธยย่อ ส.ธ.,images/items/ธงตราสัญลักษณ์พระนามาภิไธยย่อ ส.ธ. มวง.png,ปกติ,3/14/2024 2:55,3/14/2024 2:55,1,1
669,ธงตราสัญลักษณ์พระปรมาภิไธยย่อ ว.ป.ร.,images/items/ธงตราสัญลักษณ์พระปรมาภิไธยย่อ ว.ป.ร. เหลือง.png,ปกติ,3/15/2024 2:55,3/15/2024 2:55,1,1
672,ธงตราสัญลักษณ์พระปรมาภิไธยย่อ ว.ป.ร.,images/items/ธงตราสัญลักษณ์พระปรมาภิไธยย่อ ว.ป.ร. เหลือง.png,ปกติ,3/16/2024 2:55,3/16/2024 2:55,1,1
1062,ไม้ค้ำยัน ไซส์ 52 กว้าง 18 ซม. สูง 128-136 ซม. (เหมาะสำหรับส่วนสูง 165-174 ซม.),images/items/ไม้ค้ำยัน.jpg,ปกติ,3/17/2024 2:55,3/17/2024 2:55,3,9
690,ธงตราสัญลักษณ์พระปรมาภิไธยย่อ ว.ป.ร.,images/items/ธงตราสัญลักษณ์พระปรมาภิไธยย่อ ว.ป.ร. เหลือง.png,ปกติ,3/18/2024 2:55,3/18/2024 2:55,1,1
484,ธงตราสัญลักษณ์พระปรมาภิไธยย่อ ว.ป.ร.,images/items/ธงตราสัญลักษณ์พระปรมาภิไธยย่อ ว.ป.ร. เหลือง.png,ปกติ,3/19/2024 2:55,3/19/2024 2:55,1,1
506,ธงตราสัญลักษณ์พระปรมาภิไธยย่อ ว.ป.ร.,images/items/ธงตราสัญลักษณ์พระปรมาภิไธยย่อ ว.ป.ร. เหลือง.png,ปกติ,3/20/2024 2:55,3/20/2024 2:55,1,1
517,ธงตราสัญลักษณ์พระปรมาภิไธยย่อ ว.ป.ร.,images/items/ธงตราสัญลักษณ์พระปรมาภิไธยย่อ ว.ป.ร. เหลือง.png,ปกติ,3/21/2024 2:55,3/21/2024 2:55,1,1
587,ธงตราสัญลักษณ์พระปรมาภิไธยย่อ ว.ป.ร.,images/items/ธงตราสัญลักษณ์พระปรมาภิไธยย่อ ว.ป.ร. เหลือง.png,ปกติ,3/22/2024 2:55,3/22/2024 2:55,1,1
588,ธงตราสัญลักษณ์พระปรมาภิไธยย่อ ว.ป.ร.,images/items/ธงตราสัญลักษณ์พระปรมาภิไธยย่อ ว.ป.ร. เหลือง.png,ปกติ,3/23/2024 2:55,3/23/2024 2:55,1,1
589,ธงตราสัญลักษณ์พระปรมาภิไธยย่อ ว.ป.ร.,images/items/ธงตราสัญลักษณ์พระปรมาภิไธยย่อ ว.ป.ร. เหลือง.png,ปกติ,3/24/2024 2:55,3/24/2024 2:55,1,1
597,ธงตราสัญลักษณ์พระปรมาภิไธยย่อ ว.ป.ร.,images/items/ธงตราสัญลักษณ์พระปรมาภิไธยย่อ ว.ป.ร. เหลือง.png,ปกติ,3/25/2024 2:55,3/25/2024 2:55,1,1
602,ธงตราสัญลักษณ์พระปรมาภิไธยย่อ ว.ป.ร.,images/items/ธงตราสัญลักษณ์พระปรมาภิไธยย่อ ว.ป.ร. เหลือง.png,ปกติ,3/26/2024 2:55,3/26/2024 2:55,1,1
639,ธงตราสัญลักษณ์พระปรมาภิไธยย่อ ว.ป.ร.,images/items/ธงตราสัญลักษณ์พระปรมาภิไธยย่อ ว.ป.ร. เหลือง.png,ปกติ,3/27/2024 2:55,3/27/2024 2:55,1,1
694,ธงตราสัญลักษณ์พระปรมาภิไธยย่อ ว.ป.ร.,images/items/ธงตราสัญลักษณ์พระปรมาภิไธยย่อ ว.ป.ร. เหลือง.png,ปกติ,3/28/2024 2:55,3/28/2024 2:55,1,1
707,ธงตราสัญลักษณ์พระปรมาภิไธยย่อ ว.ป.ร.,images/items/ธงตราสัญลักษณ์พระปรมาภิไธยย่อ ว.ป.ร. เหลือง.png,ปกติ,3/29/2024 2:55,3/29/2024 2:55,1,1
768,ธงประดับสัญลักษณ์พระนามาภิไธยย่อ ส.ก. น้ำเงิน,images/items/ธงประดับสัญลักษณ์พระนามาภิไธยย่อ ส.ก. น้ำเงิน.png,ปกติ,3/30/2024 2:55,3/30/2024 2:55,1,1
48,ธงประดับสัญลักษณ์พระนามาภิไธยย่อ ส.ท. ม่วง,images/items/ธงประดับสัญลักษณ์พระนามาภิไธยย่อ ส.ท. มวง.jpg,ปกติ,3/31/2024 2:55,3/31/2024 2:55,1,1
19,ธงประดับสัญลักษณ์พระนามาภิไธยย่อ ส.ท. ม่วง,images/items/ธงประดับสัญลักษณ์พระนามาภิไธยย่อ ส.ท. มวง.jpg,ปกติ,4/1/2024 2:55,4/1/2024 2:55,1,1
33,ธงประดับสัญลักษณ์พระนามาภิไธยย่อ ส.ท. ม่วง,images/items/ธงประดับสัญลักษณ์พระนามาภิไธยย่อ ส.ท. มวง.jpg,ปกติ,4/2/2024 2:55,4/2/2024 2:55,1,1
46,ธงประดับสัญลักษณ์พระนามาภิไธยย่อ ส.ท. ม่วง,images/items/ธงประดับสัญลักษณ์พระนามาภิไธยย่อ ส.ท. มวง.jpg,ปกติ,4/3/2024 2:55,4/3/2024 2:55,1,1
52,ธงประดับสัญลักษณ์พระนามาภิไธยย่อ ส.ท. ม่วง,images/items/ธงประดับสัญลักษณ์พระนามาภิไธยย่อ ส.ท. มวง.jpg,ปกติ,4/4/2024 2:55,4/4/2024 2:55,1,1
887,คูลเลอร์,images/items/คูเลอร์.jpg,ปกติ,4/5/2024 2:55,4/5/2024 2:55,1,2
136,ธงตราสัญลักษณ์พระนามาภิไธยย่อ ส.ธ.,images/items/ธงตราสัญลักษณ์พระนามาภิไธยย่อ ส.ธ. มวง.png,ปกติ,4/6/2024 2:55,4/6/2024 2:55,1,1
167,ธงตราสัญลักษณ์พระนามาภิไธยย่อ ส.ธ.,images/items/ธงตราสัญลักษณ์พระนามาภิไธยย่อ ส.ธ. มวง.png,ปกติ,4/7/2024 2:55,4/7/2024 2:55,1,1
213,ธงตราสัญลักษณ์พระนามาภิไธยย่อ ส.ธ.,images/items/ธงตราสัญลักษณ์พระนามาภิไธยย่อ ส.ธ. มวง.png,ปกติ,4/8/2024 2:55,4/8/2024 2:55,1,1
1070,ไม้เท้าขาเดียวค้ำข้อศอก,images/items/ไม้เท้าขาเดียวค้ำข้อศอก.jpg,ปกติ,4/9/2024 2:55,4/9/2024 2:55,3,9
1066,ไม้เท้าหัวฆ้อน 3 ขา,images/items/ไม้เท้าหัวฆ้อน 3 ขา.jpg,ปกติ,4/10/2024 2:55,4/10/2024 2:55,3,9
1053,ไม้ค้ำยัน ไซส์ 46 กว้าง 18 ซม. สูง 113-121 ซม. (เหมาะสำหรับส่วนสูง 135-144 ซม.),images/items/ไม้ค้ำยัน.jpg,ปกติ,4/11/2024 2:55,4/11/2024 2:55,3,9
1054,ไม้ค้ำยัน ไซส์ 48 กว้าง 18 ซม. สูง 118-126 ซม. (เหมาะสำหรับส่วนสูง 145-154 ซม.),images/items/ไม้ค้ำยัน.jpg,ปกติ,4/12/2024 2:55,4/12/2024 2:55,3,9
1055,ไม้ค้ำยัน ไซส์ 48 กว้าง 18 ซม. สูง 118-126 ซม. (เหมาะสำหรับส่วนสูง 145-154 ซม.),images/items/ไม้ค้ำยัน.jpg,ปกติ,4/13/2024 2:55,4/13/2024 2:55,3,9
1056,ไม้ค้ำยัน ไซส์ 50 กว้าง 18 ซม. สูง 123-131 ซม. (เหมาะสำหรับส่วนสูง 155-164 ซม.),images/items/ไม้ค้ำยัน.jpg,ปกติ,4/14/2024 2:55,4/14/2024 2:55,3,9
749,ธงประดับสัญลักษณ์พระนามาภิไธยย่อ ส.ก. น้ำเงิน,images/items/ธงประดับสัญลักษณ์พระนามาภิไธยย่อ ส.ก. น้ำเงิน.png,ปกติ,4/15/2024 2:55,4/15/2024 2:55,1,1
1057,ไม้ค้ำยัน ไซส์ 50 กว้าง 18 ซม. สูง 123-131 ซม. (เหมาะสำหรับส่วนสูง 155-164 ซม.),images/items/ไม้ค้ำยัน.jpg,ปกติ,4/16/2024 2:55,4/16/2024 2:55,3,9
1058,ไม้ค้ำยัน ไซส์ 50 กว้าง 18 ซม. สูง 123-131 ซม. (เหมาะสำหรับส่วนสูง 155-164 ซม.),images/items/ไม้ค้ำยัน.jpg,ปกติ,4/17/2024 2:55,4/17/2024 2:55,3,9
1059,ไม้ค้ำยัน ไซส์ 50 กว้าง 18 ซม. สูง 123-131 ซม. (เหมาะสำหรับส่วนสูง 155-164 ซม.),images/items/ไม้ค้ำยัน.jpg,ปกติ,4/18/2024 2:55,4/18/2024 2:55,3,9
1060,ไม้ค้ำยัน ไซส์ 50 กว้าง 18 ซม. สูง 123-131 ซม. (เหมาะสำหรับส่วนสูง 155-164 ซม.),images/items/ไม้ค้ำยัน.jpg,ปกติ,4/19/2024 2:55,4/19/2024 2:55,3,9
1061,ไม้ค้ำยัน ไซส์ 52 กว้าง 18 ซม. สูง 128-136 ซม. (เหมาะสำหรับส่วนสูง 165-174 ซม.),images/items/ไม้ค้ำยัน.jpg,ปกติ,4/20/2024 2:55,4/20/2024 2:55,3,9
1063,ไม้ค้ำยัน ไซส์ 52 กว้าง 18 ซม. สูง 128-136 ซม. (เหมาะสำหรับส่วนสูง 165-174 ซม.),images/items/ไม้ค้ำยัน.jpg,ปกติ,4/21/2024 2:55,4/21/2024 2:55,3,9
1064,ไม้ค้ำยัน ไซส์ 52 กว้าง 18 ซม. สูง 128-136 ซม. (เหมาะสำหรับส่วนสูง 165-174 ซม.),images/items/ไม้ค้ำยัน.jpg,ปกติ,4/22/2024 2:55,4/22/2024 2:55,3,9
1035,วิลแชร์ (พับได้),images/items/วิลแชร์ (พับไม่ได้).jpg,ปกติ,4/23/2024 2:55,4/23/2024 2:55,3,8
1036,วิลแชร์ (พับได้),images/items/วิลแชร์ (พับไม่ได้).jpg,ปกติ,4/24/2024 2:55,4/24/2024 2:55,3,8
1037,วิลแชร์ (พับได้),images/items/วิลแชร์ (พับไม่ได้).jpg,ปกติ,4/25/2024 2:55,4/25/2024 2:55,3,8
1038,วิลแชร์ (พับได้),images/items/วิลแชร์ (พับไม่ได้).jpg,ปกติ,4/26/2024 2:55,4/26/2024 2:55,3,8
1039,วิลแชร์ (พับได้),images/items/วิลแชร์ (พับไม่ได้).jpg,ปกติ,4/27/2024 2:55,4/27/2024 2:55,3,8
1040,วิลแชร์ (พับได้),images/items/วิลแชร์ (พับไม่ได้).jpg,ปกติ,4/28/2024 2:55,4/28/2024 2:55,3,8
1041,วิลแชร์ (พับได้),images/items/วิลแชร์ (พับไม่ได้).jpg,ปกติ,4/29/2024 2:55,4/29/2024 2:55,3,8
1042,วิลแชร์ (พับได้),images/items/วิลแชร์ (พับไม่ได้).jpg,ปกติ,4/30/2024 2:55,4/30/2024 2:55,3,8
1043,วิลแชร์ (พับได้),images/items/วิลแชร์ (พับไม่ได้).jpg,ปกติ,5/1/2024 2:55,5/1/2024 2:55,3,8
1045,วิลแชร์ (พับได้),images/items/วิลแชร์ (พับไม่ได้).jpg,ปกติ,5/2/2024 2:55,5/2/2024 2:55,3,8
1046,วิลแชร์ (พับไม่ได้),images/items/วิลแชร์ (พับไม่ได้).jpg,ปกติ,5/3/2024 2:55,5/3/2024 2:55,3,8
1047,วิลแชร์ (พับไม่ได้),images/items/วิลแชร์ (พับไม่ได้).jpg,ปกติ,5/4/2024 2:55,5/4/2024 2:55,3,8
1048,วิลแชร์ (พับไม่ได้),images/items/วิลแชร์ (พับไม่ได้).jpg,ปกติ,5/5/2024 2:55,5/5/2024 2:55,3,8
1049,วิลแชร์ (พับไม่ได้),images/items/วิลแชร์ (พับไม่ได้).jpg,ปกติ,5/6/2024 2:55,5/6/2024 2:55,3,8
763,ธงประดับสัญลักษณ์พระนามาภิไธยย่อ ส.ก. น้ำเงิน,images/items/ธงประดับสัญลักษณ์พระนามาภิไธยย่อ ส.ก. น้ำเงิน.png,ปกติ,5/7/2024 2:55,5/7/2024 2:55,1,1
766,ธงประดับสัญลักษณ์พระนามาภิไธยย่อ ส.ก. น้ำเงิน,images/items/ธงประดับสัญลักษณ์พระนามาภิไธยย่อ ส.ก. น้ำเงิน.png,ปกติ,5/8/2024 2:55,5/8/2024 2:55,1,1
18,ธงประดับสัญลักษณ์พระนามาภิไธยย่อ ส.ท. ม่วง,images/items/ธงประดับสัญลักษณ์พระนามาภิไธยย่อ ส.ท. มวง.jpg,ปกติ,5/9/2024 2:55,5/9/2024 2:55,1,1
685,ธงตราสัญลักษณ์พระปรมาภิไธยย่อ ว.ป.ร.,images/items/ธงตราสัญลักษณ์พระปรมาภิไธยย่อ ว.ป.ร. เหลือง.png,ปกติ,5/10/2024 2:55,5/10/2024 2:55,1,1
252,ธงชาติไทย,images/items/ธงชาติไทย.jpg,ปกติ,5/11/2024 2:55,5/11/2024 2:55,1,1
258,ธงชาติไทย,images/items/ธงชาติไทย.jpg,ปกติ,5/12/2024 2:55,5/12/2024 2:55,1,1
266,ธงชาติไทย,images/items/ธงชาติไทย.jpg,ปกติ,5/13/2024 2:55,5/13/2024 2:55,1,1
447,ธงชาติไทย,images/items/ธงชาติไทย.jpg,ปกติ,5/14/2024 2:55,5/14/2024 2:55,1,1
58,ธงตราสัญลักษณ์พระนามาภิไธยย่อ ส.ธ.,images/items/ธงตราสัญลักษณ์พระนามาภิไธยย่อ ส.ธ. มวง.png,ปกติ,5/15/2024 2:55,5/15/2024 2:55,1,1
264,ธงชาติไทย,images/items/ธงชาติไทย.jpg,ปกติ,5/16/2024 2:55,5/16/2024 2:55,1,1
301,ธงชาติไทย,images/items/ธงชาติไทย.jpg,ปกติ,5/17/2024 2:55,5/17/2024 2:55,1,1
340,ธงชาติไทย,images/items/ธงชาติไทย.jpg,ปกติ,5/18/2024 2:55,5/18/2024 2:55,1,1
374,ธงชาติไทย,images/items/ธงชาติไทย.jpg,ปกติ,5/19/2024 2:55,5/19/2024 2:55,1,1
104,ธงตราสัญลักษณ์พระนามาภิไธยย่อ ส.ธ.,images/items/ธงตราสัญลักษณ์พระนามาภิไธยย่อ ส.ธ. มวง.png,ปกติ,5/20/2024 2:55,5/20/2024 2:55,1,1
132,ธงตราสัญลักษณ์พระนามาภิไธยย่อ ส.ธ.,images/items/ธงตราสัญลักษณ์พระนามาภิไธยย่อ ส.ธ. มวง.png,ปกติ,5/21/2024 2:55,5/21/2024 2:55,1,1
191,ธงตราสัญลักษณ์พระนามาภิไธยย่อ ส.ธ.,images/items/ธงตราสัญลักษณ์พระนามาภิไธยย่อ ส.ธ. มวง.png,ปกติ,5/22/2024 2:55,5/22/2024 2:55,1,1
534,ธงตราสัญลักษณ์พระปรมาภิไธยย่อ ว.ป.ร.,images/items/ธงตราสัญลักษณ์พระปรมาภิไธยย่อ ว.ป.ร. เหลือง.png,ปกติ,5/23/2024 2:55,5/23/2024 2:55,1,1
537,ธงตราสัญลักษณ์พระปรมาภิไธยย่อ ว.ป.ร.,images/items/ธงตราสัญลักษณ์พระปรมาภิไธยย่อ ว.ป.ร. เหลือง.png,ปกติ,5/24/2024 2:55,5/24/2024 2:55,1,1
556,ธงตราสัญลักษณ์พระปรมาภิไธยย่อ ว.ป.ร.,images/items/ธงตราสัญลักษณ์พระปรมาภิไธยย่อ ว.ป.ร. เหลือง.png,ปกติ,5/25/2024 2:55,5/25/2024 2:55,1,1
697,ธงตราสัญลักษณ์พระปรมาภิไธยย่อ ว.ป.ร.,images/items/ธงตราสัญลักษณ์พระปรมาภิไธยย่อ ว.ป.ร. เหลือง.png,ปกติ,5/26/2024 2:55,5/26/2024 2:55,1,1
769,ธงประดับสัญลักษณ์พระนามาภิไธยย่อ ส.ก. น้ำเงิน,images/items/ธงประดับสัญลักษณ์พระนามาภิไธยย่อ ส.ก. น้ำเงิน.png,ปกติ,5/27/2024 2:55,5/27/2024 2:55,1,1
687,ธงตราสัญลักษณ์พระปรมาภิไธยย่อ ว.ป.ร.,images/items/ธงตราสัญลักษณ์พระปรมาภิไธยย่อ ว.ป.ร. เหลือง.png,ปกติ,5/28/2024 2:55,5/28/2024 2:55,1,1
270,ธงชาติไทย,images/items/ธงชาติไทย.jpg,ปกติ,5/29/2024 2:55,5/29/2024 2:55,1,1
271,ธงชาติไทย,images/items/ธงชาติไทย.jpg,ปกติ,5/30/2024 2:55,5/30/2024 2:55,1,1
269,ธงชาติไทย,images/items/ธงชาติไทย.jpg,ปกติ,5/31/2024 2:55,5/31/2024 2:55,1,1
130,ธงตราสัญลักษณ์พระนามาภิไธยย่อ ส.ธ.,images/items/ธงตราสัญลักษณ์พระนามาภิไธยย่อ ส.ธ. มวง.png,ปกติ,6/1/2024 2:55,6/1/2024 2:55,1,1
185,ธงตราสัญลักษณ์พระนามาภิไธยย่อ ส.ธ.,images/items/ธงตราสัญลักษณ์พระนามาภิไธยย่อ ส.ธ. มวง.png,ปกติ,6/2/2024 2:55,6/2/2024 2:55,1,1
208,ธงตราสัญลักษณ์พระนามาภิไธยย่อ ส.ธ.,images/items/ธงตราสัญลักษณ์พระนามาภิไธยย่อ ส.ธ. มวง.png,ปกติ,6/3/2024 2:55,6/3/2024 2:55,1,1
723,ธงประดับสัญลักษณ์พระนามาภิไธยย่อ ส.ก. น้ำเงิน,images/items/ธงประดับสัญลักษณ์พระนามาภิไธยย่อ ส.ก. น้ำเงิน.png,ปกติ,6/4/2024 2:55,6/4/2024 2:55,1,1
736,ธงประดับสัญลักษณ์พระนามาภิไธยย่อ ส.ก. น้ำเงิน,images/items/ธงประดับสัญลักษณ์พระนามาภิไธยย่อ ส.ก. น้ำเงิน.png,ปกติ,6/5/2024 2:55,6/5/2024 2:55,1,1
771,ธงประดับสัญลักษณ์พระนามาภิไธยย่อ ส.ก. น้ำเงิน,images/items/ธงประดับสัญลักษณ์พระนามาภิไธยย่อ ส.ก. น้ำเงิน.png,ปกติ,6/6/2024 2:55,6/6/2024 2:55,1,1
187,ธงตราสัญลักษณ์พระนามาภิไธยย่อ ส.ธ.,images/items/ธงตราสัญลักษณ์พระนามาภิไธยย่อ ส.ธ. มวง.png,ปกติ,6/7/2024 2:55,6/7/2024 2:55,1,1
475,ธงตราสัญลักษณ์พระปรมาภิไธยย่อ ว.ป.ร.,images/items/ธงตราสัญลักษณ์พระปรมาภิไธยย่อ ว.ป.ร. เหลือง.png,ปกติ,6/8/2024 2:55,6/8/2024 2:55,1,1
489,ธงตราสัญลักษณ์พระปรมาภิไธยย่อ ว.ป.ร.,images/items/ธงตราสัญลักษณ์พระปรมาภิไธยย่อ ว.ป.ร. เหลือง.png,ปกติ,6/9/2024 2:55,6/9/2024 2:55,1,1
504,ธงตราสัญลักษณ์พระปรมาภิไธยย่อ ว.ป.ร.,images/items/ธงตราสัญลักษณ์พระปรมาภิไธยย่อ ว.ป.ร. เหลือง.png,ปกติ,6/10/2024 2:55,6/10/2024 2:55,1,1
559,ธงตราสัญลักษณ์พระปรมาภิไธยย่อ ว.ป.ร.,images/items/ธงตราสัญลักษณ์พระปรมาภิไธยย่อ ว.ป.ร. เหลือง.png,ปกติ,6/11/2024 2:55,6/11/2024 2:55,1,1
558,ธงตราสัญลักษณ์พระปรมาภิไธยย่อ ว.ป.ร.,images/items/ธงตราสัญลักษณ์พระปรมาภิไธยย่อ ว.ป.ร. เหลือง.png,ปกติ,6/12/2024 2:55,6/12/2024 2:55,1,1
663,ธงตราสัญลักษณ์พระปรมาภิไธยย่อ ว.ป.ร.,images/items/ธงตราสัญลักษณ์พระปรมาภิไธยย่อ ว.ป.ร. เหลือง.png,ปกติ,6/13/2024 2:55,6/13/2024 2:55,1,1
664,ธงตราสัญลักษณ์พระปรมาภิไธยย่อ ว.ป.ร.,images/items/ธงตราสัญลักษณ์พระปรมาภิไธยย่อ ว.ป.ร. เหลือง.png,ปกติ,6/14/2024 2:55,6/14/2024 2:55,1,1
277,ธงชาติไทย,images/items/ธงชาติไทย.jpg,ปกติ,6/15/2024 2:55,6/15/2024 2:55,1,1
721,ธงตราสัญลักษณ์พระปรมาภิไธยย่อ ว.ป.ร.,images/items/ธงตราสัญลักษณ์พระปรมาภิไธยย่อ ว.ป.ร. เหลือง.png,ปกติ,6/16/2024 2:55,6/16/2024 2:55,1,1
722,ธงประดับสัญลักษณ์พระนามาภิไธยย่อ ส.ก. น้ำเงิน,images/items/ธงประดับสัญลักษณ์พระนามาภิไธยย่อ ส.ก. น้ำเงิน.png,ปกติ,6/17/2024 2:55,6/17/2024 2:55,1,1
131,ธงตราสัญลักษณ์พระนามาภิไธยย่อ ส.ธ.,images/items/ธงตราสัญลักษณ์พระนามาภิไธยย่อ ส.ธ. มวง.png,ปกติ,6/18/2024 2:55,6/18/2024 2:55,1,1
140,ธงตราสัญลักษณ์พระนามาภิไธยย่อ ส.ธ.,images/items/ธงตราสัญลักษณ์พระนามาภิไธยย่อ ส.ธ. มวง.png,ปกติ,6/19/2024 2:55,6/19/2024 2:55,1,1
494,ธงตราสัญลักษณ์พระปรมาภิไธยย่อ ว.ป.ร.,images/items/ธงตราสัญลักษณ์พระปรมาภิไธยย่อ ว.ป.ร. เหลือง.png,ปกติ,6/20/2024 2:55,6/20/2024 2:55,1,1
499,ธงตราสัญลักษณ์พระปรมาภิไธยย่อ ว.ป.ร.,images/items/ธงตราสัญลักษณ์พระปรมาภิไธยย่อ ว.ป.ร. เหลือง.png,ปกติ,6/21/2024 2:55,6/21/2024 2:55,1,1
512,ธงตราสัญลักษณ์พระปรมาภิไธยย่อ ว.ป.ร.,images/items/ธงตราสัญลักษณ์พระปรมาภิไธยย่อ ว.ป.ร. เหลือง.png,ปกติ,6/22/2024 2:55,6/22/2024 2:55,1,1
519,ธงตราสัญลักษณ์พระปรมาภิไธยย่อ ว.ป.ร.,images/items/ธงตราสัญลักษณ์พระปรมาภิไธยย่อ ว.ป.ร. เหลือง.png,ปกติ,6/23/2024 2:55,6/23/2024 2:55,1,1
529,ธงตราสัญลักษณ์พระปรมาภิไธยย่อ ว.ป.ร.,images/items/ธงตราสัญลักษณ์พระปรมาภิไธยย่อ ว.ป.ร. เหลือง.png,ปกติ,6/24/2024 2:55,6/24/2024 2:55,1,1
530,ธงตราสัญลักษณ์พระปรมาภิไธยย่อ ว.ป.ร.,images/items/ธงตราสัญลักษณ์พระปรมาภิไธยย่อ ว.ป.ร. เหลือง.png,ปกติ,6/25/2024 2:55,6/25/2024 2:55,1,1
609,ธงตราสัญลักษณ์พระปรมาภิไธยย่อ ว.ป.ร.,images/items/ธงตราสัญลักษณ์พระปรมาภิไธยย่อ ว.ป.ร. เหลือง.png,ปกติ,6/26/2024 2:55,6/26/2024 2:55,1,1
725,ธงประดับสัญลักษณ์พระนามาภิไธยย่อ ส.ก. น้ำเงิน,images/items/ธงประดับสัญลักษณ์พระนามาภิไธยย่อ ส.ก. น้ำเงิน.png,ปกติ,6/27/2024 2:55,6/27/2024 2:55,1,1
7,ธงประดับสัญลักษณ์พระนามาภิไธยย่อ ส.ท. ม่วง,images/items/ธงประดับสัญลักษณ์พระนามาภิไธยย่อ ส.ท. มวง.jpg,ปกติ,6/28/2024 2:55,6/28/2024 2:55,1,1
1201,หมอนอิง,images/items/หมอนอิง 40x40.png,หาย,6/29/2024 2:55,6/29/2024 2:55,5,12
626,ธงตราสัญลักษณ์พระปรมาภิไธยย่อ ว.ป.ร.,images/items/ธงตราสัญลักษณ์พระปรมาภิไธยย่อ ว.ป.ร. เหลือง.png,ปกติ,6/30/2024 2:55,6/30/2024 2:55,1,1
159,ธงตราสัญลักษณ์พระนามาภิไธยย่อ ส.ธ.,images/items/ธงตราสัญลักษณ์พระนามาภิไธยย่อ ส.ธ. มวง.png,ปกติ,7/1/2024 2:55,7/1/2024 2:55,1,1
168,ธงตราสัญลักษณ์พระนามาภิไธยย่อ ส.ธ.,images/items/ธงตราสัญลักษณ์พระนามาภิไธยย่อ ส.ธ. มวง.png,ปกติ,7/2/2024 2:55,7/2/2024 2:55,1,1
300,ธงชาติไทย,images/items/ธงชาติไทย.jpg,ปกติ,7/3/2024 2:55,7/3/2024 2:55,1,1
219,ธงตราสัญลักษณ์พระนามาภิไธยย่อ ส.ธ.,images/items/ธงตราสัญลักษณ์พระนามาภิไธยย่อ ส.ธ. มวง.png,ปกติ,7/4/2024 2:55,7/4/2024 2:55,1,1
509,ธงตราสัญลักษณ์พระปรมาภิไธยย่อ ว.ป.ร.,images/items/ธงตราสัญลักษณ์พระปรมาภิไธยย่อ ว.ป.ร. เหลือง.png,ปกติ,7/5/2024 2:55,7/5/2024 2:55,1,1
778,ธงกีฬาบัวน้ำเงินเกมส์ (แบบปัก),,ปกติ,7/6/2024 2:55,7/6/2024 2:55,2,1
779,ธงกีฬาบัวน้ำเงินเกมส์ (แบบสกรีน),,ปกติ,7/7/2024 2:55,7/7/2024 2:55,2,1
527,ธงตราสัญลักษณ์พระปรมาภิไธยย่อ ว.ป.ร.,images/items/ธงตราสัญลักษณ์พระปรมาภิไธยย่อ ว.ป.ร. เหลือง.png,ปกติ,7/8/2024 2:55,7/8/2024 2:55,1,1
542,ธงตราสัญลักษณ์พระปรมาภิไธยย่อ ว.ป.ร.,images/items/ธงตราสัญลักษณ์พระปรมาภิไธยย่อ ว.ป.ร. เหลือง.png,ปกติ,7/9/2024 2:55,7/9/2024 2:55,1,1
555,ธงตราสัญลักษณ์พระปรมาภิไธยย่อ ว.ป.ร.,images/items/ธงตราสัญลักษณ์พระปรมาภิไธยย่อ ว.ป.ร. เหลือง.png,ปกติ,7/10/2024 2:55,7/10/2024 2:55,1,1
319,ธงชาติไทย,images/items/ธงชาติไทย.jpg,ปกติ,7/11/2024 2:55,7/11/2024 2:55,1,1
564,ธงตราสัญลักษณ์พระปรมาภิไธยย่อ ว.ป.ร.,images/items/ธงตราสัญลักษณ์พระปรมาภิไธยย่อ ว.ป.ร. เหลือง.png,ปกติ,7/12/2024 2:55,7/12/2024 2:55,1,1
604,ธงตราสัญลักษณ์พระปรมาภิไธยย่อ ว.ป.ร.,images/items/ธงตราสัญลักษณ์พระปรมาภิไธยย่อ ว.ป.ร. เหลือง.png,ปกติ,7/13/2024 2:55,7/13/2024 2:55,1,1
610,ธงตราสัญลักษณ์พระปรมาภิไธยย่อ ว.ป.ร.,images/items/ธงตราสัญลักษณ์พระปรมาภิไธยย่อ ว.ป.ร. เหลือง.png,ปกติ,7/14/2024 2:55,7/14/2024 2:55,1,1
659,ธงตราสัญลักษณ์พระปรมาภิไธยย่อ ว.ป.ร.,images/items/ธงตราสัญลักษณ์พระปรมาภิไธยย่อ ว.ป.ร. เหลือง.png,ปกติ,7/15/2024 2:55,7/15/2024 2:55,1,1
662,ธงตราสัญลักษณ์พระปรมาภิไธยย่อ ว.ป.ร.,images/items/ธงตราสัญลักษณ์พระปรมาภิไธยย่อ ว.ป.ร. เหลือง.png,ปกติ,7/16/2024 2:55,7/16/2024 2:55,1,1
316,ธงชาติไทย,images/items/ธงชาติไทย.jpg,ปกติ,7/17/2024 2:55,7/17/2024 2:55,1,1
862,ผ้าปูโต๊ะสีเขียว,,ปกติ,7/18/2024 2:55,7/18/2024 2:55,4,1
863,ผ้าปูโต๊ะสีเขียว,,ปกติ,7/19/2024 2:55,7/19/2024 2:55,4,1
864,ผ้าปูโต๊ะสีเขียว,,ปกติ,7/20/2024 2:55,7/20/2024 2:55,4,1
865,ผ้าปูโต๊ะสีเขียว,,ปกติ,7/21/2024 2:55,7/21/2024 2:55,4,1
866,ผ้าปูโต๊ะสีเขียว,,ปกติ,7/22/2024 2:55,7/22/2024 2:55,4,1
867,ผ้าปูโต๊ะสีเขียว,,ปกติ,7/23/2024 2:55,7/23/2024 2:55,4,1
868,ผ้าปูโต๊ะสีเขียว,,ปกติ,7/24/2024 2:55,7/24/2024 2:55,4,1
869,ผ้าปูโต๊ะสีเขียว,,ปกติ,7/25/2024 2:55,7/25/2024 2:55,4,1
870,ผ้าปูโต๊ะสีเขียว,,ปกติ,7/26/2024 2:55,7/26/2024 2:55,4,1
871,ผ้าปูโต๊ะสีเขียว,,ปกติ,7/27/2024 2:55,7/27/2024 2:55,4,1
872,ผ้าปูโต๊ะสีเขียว,,ปกติ,7/28/2024 2:55,7/28/2024 2:55,4,1
873,ผ้าปูโต๊ะสีเขียว,,ปกติ,7/29/2024 2:55,7/29/2024 2:55,4,1
874,ผ้าปูโต๊ะสีเขียว,,ปกติ,7/30/2024 2:55,7/30/2024 2:55,4,1
875,ผ้าปูโต๊ะสีเขียว,,ปกติ,7/31/2024 2:55,7/31/2024 2:55,4,1
876,ผ้าปูโต๊ะสีเขียว,,ปกติ,8/1/2024 2:55,8/1/2024 2:55,4,1
877,ผ้าปูโต๊ะสีเขียว,,ปกติ,8/2/2024 2:55,8/2/2024 2:55,4,1
878,ผ้าปูโต๊ะสีเขียว,,ปกติ,8/3/2024 2:55,8/3/2024 2:55,4,1
879,ผ้าปูโต๊ะสีเขียว,,ปกติ,8/4/2024 2:55,8/4/2024 2:55,4,1
880,ผ้าปูโต๊ะสีเขียว,,ปกติ,8/5/2024 2:55,8/5/2024 2:55,4,1
881,ผ้าปูโต๊ะสีเขียว,,ปกติ,8/6/2024 2:55,8/6/2024 2:55,4,1
883,พรมแดงลูกฟูกไม่มีลาย (ผืนกว้าง) (1.98x11.48 เมตร),images/items/พรมแดงลูกฟูกไม่มีลาย (ผืนกว้าง).jpg,ปกติ,8/7/2024 2:55,8/7/2024 2:55,5,1
280,ธงชาติไทย,images/items/ธงชาติไทย.jpg,ปกติ,8/8/2024 2:55,8/8/2024 2:55,1,1
278,ธงชาติไทย,images/items/ธงชาติไทย.jpg,ปกติ,8/9/2024 2:55,8/9/2024 2:55,1,1
276,ธงชาติไทย,images/items/ธงชาติไทย.jpg,ปกติ,8/10/2024 2:55,8/10/2024 2:55,1,1
317,ธงชาติไทย,images/items/ธงชาติไทย.jpg,ปกติ,8/11/2024 2:55,8/11/2024 2:55,1,1
318,ธงชาติไทย,images/items/ธงชาติไทย.jpg,ปกติ,8/12/2024 2:55,8/12/2024 2:55,1,1
321,ธงชาติไทย,images/items/ธงชาติไทย.jpg,ปกติ,8/13/2024 2:55,8/13/2024 2:55,1,1
330,ธงชาติไทย,images/items/ธงชาติไทย.jpg,ปกติ,8/14/2024 2:55,8/14/2024 2:55,1,1
125,ธงตราสัญลักษณ์พระนามาภิไธยย่อ ส.ธ.,images/items/ธงตราสัญลักษณ์พระนามาภิไธยย่อ ส.ธ. มวง.png,ปกติ,8/15/2024 2:55,8/15/2024 2:55,1,1
549,ธงตราสัญลักษณ์พระปรมาภิไธยย่อ ว.ป.ร.,images/items/ธงตราสัญลักษณ์พระปรมาภิไธยย่อ ว.ป.ร. เหลือง.png,ปกติ,8/16/2024 2:55,8/16/2024 2:55,1,1
882,พรมแดงขนห่วงไม่มีลาย (ผืนยาว) (1x10.28 เมตร),images/items/พรมแดงขนห่วงไม่มีลาย (ผืนยาว).jpg,ปกติ,8/17/2024 2:55,8/17/2024 2:55,5,1
1071,โรลอัพ 2.28*1.5 เมตร,,ปกติ,8/18/2024 2:55,8/18/2024 2:55,4,9
1083,แบนเนอร์ 3*2.28 เมตร,,ปกติ,8/19/2024 2:55,8/19/2024 2:55,4,10
575,ธงตราสัญลักษณ์พระปรมาภิไธยย่อ ว.ป.ร.,images/items/ธงตราสัญลักษณ์พระปรมาภิไธยย่อ ว.ป.ร. เหลือง.png,ปกติ,8/20/2024 2:55,8/20/2024 2:55,1,1
579,ธงตราสัญลักษณ์พระปรมาภิไธยย่อ ว.ป.ร.,images/items/ธงตราสัญลักษณ์พระปรมาภิไธยย่อ ว.ป.ร. เหลือง.png,ปกติ,8/21/2024 2:55,8/21/2024 2:55,1,1
578,ธงตราสัญลักษณ์พระปรมาภิไธยย่อ ว.ป.ร.,images/items/ธงตราสัญลักษณ์พระปรมาภิไธยย่อ ว.ป.ร. เหลือง.png,ปกติ,8/22/2024 2:55,8/22/2024 2:55,1,1
577,ธงตราสัญลักษณ์พระปรมาภิไธยย่อ ว.ป.ร.,images/items/ธงตราสัญลักษณ์พระปรมาภิไธยย่อ ว.ป.ร. เหลือง.png,ปกติ,8/23/2024 2:55,8/23/2024 2:55,1,1
580,ธงตราสัญลักษณ์พระปรมาภิไธยย่อ ว.ป.ร.,images/items/ธงตราสัญลักษณ์พระปรมาภิไธยย่อ ว.ป.ร. เหลือง.png,ปกติ,8/24/2024 2:55,8/24/2024 2:55,1,1
1131,พานธูปเทียนแพสีฟ้า,,ปกติ,8/25/2024 2:55,8/25/2024 2:55,5,14
614,ธงตราสัญลักษณ์พระปรมาภิไธยย่อ ว.ป.ร.,images/items/ธงตราสัญลักษณ์พระปรมาภิไธยย่อ ว.ป.ร. เหลือง.png,ปกติ,8/26/2024 2:55,8/26/2024 2:55,1,1
615,ธงตราสัญลักษณ์พระปรมาภิไธยย่อ ว.ป.ร.,images/items/ธงตราสัญลักษณ์พระปรมาภิไธยย่อ ว.ป.ร. เหลือง.png,ปกติ,8/27/2024 2:55,8/27/2024 2:55,1,1
616,ธงตราสัญลักษณ์พระปรมาภิไธยย่อ ว.ป.ร.,images/items/ธงตราสัญลักษณ์พระปรมาภิไธยย่อ ว.ป.ร. เหลือง.png,ปกติ,8/28/2024 2:55,8/28/2024 2:55,1,1
618,ธงตราสัญลักษณ์พระปรมาภิไธยย่อ ว.ป.ร.,images/items/ธงตราสัญลักษณ์พระปรมาภิไธยย่อ ว.ป.ร. เหลือง.png,ปกติ,8/29/2024 2:55,8/29/2024 2:55,1,1
711,ธงตราสัญลักษณ์พระปรมาภิไธยย่อ ว.ป.ร.,images/items/ธงตราสัญลักษณ์พระปรมาภิไธยย่อ ว.ป.ร. เหลือง.png,ปกติ,8/30/2024 2:55,8/30/2024 2:55,1,1
1092,ขันโตกไม้ (ใหญ่),images/items/ขันโตกไม้ (ใหญ่).jpg,ปกติ,8/31/2024 2:55,8/31/2024 2:55,5,13
748,ธงประดับสัญลักษณ์พระนามาภิไธยย่อ ส.ก. น้ำเงิน,images/items/ธงประดับสัญลักษณ์พระนามาภิไธยย่อ ส.ก. น้ำเงิน.png,ปกติ,9/1/2024 2:55,9/1/2024 2:55,1,1
20,ธงประดับสัญลักษณ์พระนามาภิไธยย่อ ส.ท. ม่วง,images/items/ธงประดับสัญลักษณ์พระนามาภิไธยย่อ ส.ท. มวง.jpg,ปกติ,9/2/2024 2:55,9/2/2024 2:55,1,1
24,ธงประดับสัญลักษณ์พระนามาภิไธยย่อ ส.ท. ม่วง,images/items/ธงประดับสัญลักษณ์พระนามาภิไธยย่อ ส.ท. มวง.jpg,ปกติ,9/3/2024 2:55,9/3/2024 2:55,1,1
329,ธงชาติไทย,images/items/ธงชาติไทย.jpg,ปกติ,9/4/2024 2:55,9/4/2024 2:55,1,1
327,ธงชาติไทย,images/items/ธงชาติไทย.jpg,ปกติ,9/5/2024 2:55,9/5/2024 2:55,1,1
332,ธงชาติไทย,images/items/ธงชาติไทย.jpg,ปกติ,9/6/2024 2:55,9/6/2024 2:55,1,1
328,ธงชาติไทย,images/items/ธงชาติไทย.jpg,ปกติ,9/7/2024 2:55,9/7/2024 2:55,1,1
336,ธงชาติไทย,images/items/ธงชาติไทย.jpg,ปกติ,9/8/2024 2:55,9/8/2024 2:55,1,1
344,ธงชาติไทย,images/items/ธงชาติไทย.jpg,ปกติ,9/9/2024 2:55,9/9/2024 2:55,1,1
347,ธงชาติไทย,images/items/ธงชาติไทย.jpg,ปกติ,9/10/2024 2:55,9/10/2024 2:55,1,1
203,ธงตราสัญลักษณ์พระนามาภิไธยย่อ ส.ธ.,images/items/ธงตราสัญลักษณ์พระนามาภิไธยย่อ ส.ธ. มวง.png,ปกติ,9/11/2024 2:55,9/11/2024 2:55,1,1
623,ธงตราสัญลักษณ์พระปรมาภิไธยย่อ ว.ป.ร.,images/items/ธงตราสัญลักษณ์พระปรมาภิไธยย่อ ว.ป.ร. เหลือง.png,ปกติ,9/12/2024 2:55,9/12/2024 2:55,1,1
657,ธงตราสัญลักษณ์พระปรมาภิไธยย่อ ว.ป.ร.,images/items/ธงตราสัญลักษณ์พระปรมาภิไธยย่อ ว.ป.ร. เหลือง.png,ปกติ,9/13/2024 2:55,9/13/2024 2:55,1,1
1093,ขันโตกไม้ (กลาง),images/items/ขันโตกไม้ (กลาง).jpg,ปกติ,9/14/2024 2:55,9/14/2024 2:55,5,13
653,ธงตราสัญลักษณ์พระปรมาภิไธยย่อ ว.ป.ร.,images/items/ธงตราสัญลักษณ์พระปรมาภิไธยย่อ ว.ป.ร. เหลือง.png,ปกติ,9/15/2024 2:55,9/15/2024 2:55,1,1
647,ธงตราสัญลักษณ์พระปรมาภิไธยย่อ ว.ป.ร.,images/items/ธงตราสัญลักษณ์พระปรมาภิไธยย่อ ว.ป.ร. เหลือง.png,ปกติ,9/16/2024 2:55,9/16/2024 2:55,1,1
641,ธงตราสัญลักษณ์พระปรมาภิไธยย่อ ว.ป.ร.,images/items/ธงตราสัญลักษณ์พระปรมาภิไธยย่อ ว.ป.ร. เหลือง.png,ปกติ,9/17/2024 2:55,9/17/2024 2:55,1,1
675,ธงตราสัญลักษณ์พระปรมาภิไธยย่อ ว.ป.ร.,images/items/ธงตราสัญลักษณ์พระปรมาภิไธยย่อ ว.ป.ร. เหลือง.png,ปกติ,9/18/2024 2:55,9/18/2024 2:55,1,1
689,ธงตราสัญลักษณ์พระปรมาภิไธยย่อ ว.ป.ร.,images/items/ธงตราสัญลักษณ์พระปรมาภิไธยย่อ ว.ป.ร. เหลือง.png,ปกติ,9/19/2024 2:55,9/19/2024 2:55,1,1
705,ธงตราสัญลักษณ์พระปรมาภิไธยย่อ ว.ป.ร.,images/items/ธงตราสัญลักษณ์พระปรมาภิไธยย่อ ว.ป.ร. เหลือง.png,ปกติ,9/20/2024 2:55,9/20/2024 2:55,1,1
703,ธงตราสัญลักษณ์พระปรมาภิไธยย่อ ว.ป.ร.,images/items/ธงตราสัญลักษณ์พระปรมาภิไธยย่อ ว.ป.ร. เหลือง.png,ปกติ,9/21/2024 2:55,9/21/2024 2:55,1,1
728,ธงประดับสัญลักษณ์พระนามาภิไธยย่อ ส.ก. น้ำเงิน,images/items/ธงประดับสัญลักษณ์พระนามาภิไธยย่อ ส.ก. น้ำเงิน.png,ปกติ,9/22/2024 2:55,9/22/2024 2:55,1,1
737,ธงประดับสัญลักษณ์พระนามาภิไธยย่อ ส.ก. น้ำเงิน,images/items/ธงประดับสัญลักษณ์พระนามาภิไธยย่อ ส.ก. น้ำเงิน.png,ปกติ,9/23/2024 2:55,9/23/2024 2:55,1,1
739,ธงประดับสัญลักษณ์พระนามาภิไธยย่อ ส.ก. น้ำเงิน,images/items/ธงประดับสัญลักษณ์พระนามาภิไธยย่อ ส.ก. น้ำเงิน.png,ปกติ,9/24/2024 2:55,9/24/2024 2:55,1,1
4,ธงประดับสัญลักษณ์พระนามาภิไธยย่อ ส.ท. ม่วง,images/items/ธงประดับสัญลักษณ์พระนามาภิไธยย่อ ส.ท. มวง.jpg,ปกติ,9/25/2024 2:55,9/25/2024 2:55,1,1
379,ธงชาติไทย,images/items/ธงชาติไทย.jpg,ปกติ,9/26/2024 2:55,9/26/2024 2:55,1,1
403,ธงชาติไทย,images/items/ธงชาติไทย.jpg,ปกติ,9/27/2024 2:55,9/27/2024 2:55,1,1
410,ธงชาติไทย,images/items/ธงชาติไทย.jpg,ปกติ,9/28/2024 2:55,9/28/2024 2:55,1,1
411,ธงชาติไทย,images/items/ธงชาติไทย.jpg,ปกติ,9/29/2024 2:55,9/29/2024 2:55,1,1
408,ธงชาติไทย,images/items/ธงชาติไทย.jpg,ปกติ,9/30/2024 2:55,9/30/2024 2:55,1,1
397,ธงชาติไทย,images/items/ธงชาติไทย.jpg,ปกติ,10/1/2024 2:55,10/1/2024 2:55,1,1
65,ธงตราสัญลักษณ์พระนามาภิไธยย่อ ส.ธ.,images/items/ธงตราสัญลักษณ์พระนามาภิไธยย่อ ส.ธ. มวง.png,ปกติ,10/2/2024 2:55,10/2/2024 2:55,1,1
72,ธงตราสัญลักษณ์พระนามาภิไธยย่อ ส.ธ.,images/items/ธงตราสัญลักษณ์พระนามาภิไธยย่อ ส.ธ. มวง.png,ปกติ,10/3/2024 2:55,10/3/2024 2:55,1,1
118,ธงตราสัญลักษณ์พระนามาภิไธยย่อ ส.ธ.,images/items/ธงตราสัญลักษณ์พระนามาภิไธยย่อ ส.ธ. มวง.png,ปกติ,10/4/2024 2:55,10/4/2024 2:55,1,1
163,ธงตราสัญลักษณ์พระนามาภิไธยย่อ ส.ธ.,images/items/ธงตราสัญลักษณ์พระนามาภิไธยย่อ ส.ธ. มวง.png,ปกติ,10/5/2024 2:55,10/5/2024 2:55,1,1
172,ธงตราสัญลักษณ์พระนามาภิไธยย่อ ส.ธ.,images/items/ธงตราสัญลักษณ์พระนามาภิไธยย่อ ส.ธ. มวง.png,ปกติ,10/6/2024 2:55,10/6/2024 2:55,1,1
174,ธงตราสัญลักษณ์พระนามาภิไธยย่อ ส.ธ.,images/items/ธงตราสัญลักษณ์พระนามาภิไธยย่อ ส.ธ. มวง.png,ปกติ,10/7/2024 2:55,10/7/2024 2:55,1,1
180,ธงตราสัญลักษณ์พระนามาภิไธยย่อ ส.ธ.,images/items/ธงตราสัญลักษณ์พระนามาภิไธยย่อ ส.ธ. มวง.png,ปกติ,10/8/2024 2:55,10/8/2024 2:55,1,1
1094,ขันโตกไม้ (กลาง),images/items/ขันโตกไม้ (กลาง).jpg,ปกติ,10/9/2024 2:55,10/9/2024 2:55,5,13
179,ธงตราสัญลักษณ์พระนามาภิไธยย่อ ส.ธ.,images/items/ธงตราสัญลักษณ์พระนามาภิไธยย่อ ส.ธ. มวง.png,ปกติ,10/10/2024 2:55,10/10/2024 2:55,1,1
740,ธงประดับสัญลักษณ์พระนามาภิไธยย่อ ส.ก. น้ำเงิน,images/items/ธงประดับสัญลักษณ์พระนามาภิไธยย่อ ส.ก. น้ำเงิน.png,ปกติ,10/11/2024 2:55,10/11/2024 2:55,1,1
750,ธงประดับสัญลักษณ์พระนามาภิไธยย่อ ส.ก. น้ำเงิน,images/items/ธงประดับสัญลักษณ์พระนามาภิไธยย่อ ส.ก. น้ำเงิน.png,ปกติ,10/12/2024 2:55,10/12/2024 2:55,1,1
5,ธงประดับสัญลักษณ์พระนามาภิไธยย่อ ส.ท. ม่วง,images/items/ธงประดับสัญลักษณ์พระนามาภิไธยย่อ ส.ท. มวง.jpg,ปกติ,10/13/2024 2:55,10/13/2024 2:55,1,1
8,ธงประดับสัญลักษณ์พระนามาภิไธยย่อ ส.ท. ม่วง,images/items/ธงประดับสัญลักษณ์พระนามาภิไธยย่อ ส.ท. มวง.jpg,ปกติ,10/14/2024 2:55,10/14/2024 2:55,1,1
14,ธงประดับสัญลักษณ์พระนามาภิไธยย่อ ส.ท. ม่วง,images/items/ธงประดับสัญลักษณ์พระนามาภิไธยย่อ ส.ท. มวง.jpg,ปกติ,10/15/2024 2:55,10/15/2024 2:55,1,1
17,ธงประดับสัญลักษณ์พระนามาภิไธยย่อ ส.ท. ม่วง,images/items/ธงประดับสัญลักษณ์พระนามาภิไธยย่อ ส.ท. มวง.jpg,ปกติ,10/16/2024 2:55,10/16/2024 2:55,1,1
26,ธงประดับสัญลักษณ์พระนามาภิไธยย่อ ส.ท. ม่วง,images/items/ธงประดับสัญลักษณ์พระนามาภิไธยย่อ ส.ท. มวง.jpg,ปกติ,10/17/2024 2:55,10/17/2024 2:55,1,1
1095,ขันน้ำมนต์พร้อมพานรอง,images/items/ขันน้ำมนต์พร้อมพานรอง.jpg,ปกติ,10/18/2024 2:55,10/18/2024 2:55,5,13
28,ธงประดับสัญลักษณ์พระนามาภิไธยย่อ ส.ท. ม่วง,images/items/ธงประดับสัญลักษณ์พระนามาภิไธยย่อ ส.ท. มวง.jpg,ปกติ,10/19/2024 2:55,10/19/2024 2:55,1,1
334,ธงชาติไทย,images/items/ธงชาติไทย.jpg,ปกติ,10/20/2024 2:55,10/20/2024 2:55,1,1
59,ธงตราสัญลักษณ์พระนามาภิไธยย่อ ส.ธ.,images/items/ธงตราสัญลักษณ์พระนามาภิไธยย่อ ส.ธ. มวง.png,ปกติ,10/21/2024 2:55,10/21/2024 2:55,1,1
127,ธงตราสัญลักษณ์พระนามาภิไธยย่อ ส.ธ.,images/items/ธงตราสัญลักษณ์พระนามาภิไธยย่อ ส.ธ. มวง.png,ปกติ,10/22/2024 2:55,10/22/2024 2:55,1,1
61,ธงตราสัญลักษณ์พระนามาภิไธยย่อ ส.ธ.,images/items/ธงตราสัญลักษณ์พระนามาภิไธยย่อ ส.ธ. มวง.png,ปกติ,10/23/2024 2:55,10/23/2024 2:55,1,1
426,ธงชาติไทย,images/items/ธงชาติไทย.jpg,ปกติ,10/24/2024 2:55,10/24/2024 2:55,1,1
151,ธงตราสัญลักษณ์พระนามาภิไธยย่อ ส.ธ.,images/items/ธงตราสัญลักษณ์พระนามาภิไธยย่อ ส.ธ. มวง.png,ปกติ,10/25/2024 2:55,10/25/2024 2:55,1,1
209,ธงตราสัญลักษณ์พระนามาภิไธยย่อ ส.ธ.,images/items/ธงตราสัญลักษณ์พระนามาภิไธยย่อ ส.ธ. มวง.png,ปกติ,10/26/2024 2:55,10/26/2024 2:55,1,1
485,ธงตราสัญลักษณ์พระปรมาภิไธยย่อ ว.ป.ร.,images/items/ธงตราสัญลักษณ์พระปรมาภิไธยย่อ ว.ป.ร. เหลือง.png,ปกติ,10/27/2024 2:55,10/27/2024 2:55,1,1
29,ธงประดับสัญลักษณ์พระนามาภิไธยย่อ ส.ท. ม่วง,images/items/ธงประดับสัญลักษณ์พระนามาภิไธยย่อ ส.ท. มวง.jpg,ปกติ,10/28/2024 2:55,10/28/2024 2:55,1,1
39,ธงประดับสัญลักษณ์พระนามาภิไธยย่อ ส.ท. ม่วง,images/items/ธงประดับสัญลักษณ์พระนามาภิไธยย่อ ส.ท. มวง.jpg,ปกติ,10/29/2024 2:55,10/29/2024 2:55,1,1
38,ธงประดับสัญลักษณ์พระนามาภิไธยย่อ ส.ท. ม่วง,images/items/ธงประดับสัญลักษณ์พระนามาภิไธยย่อ ส.ท. มวง.jpg,ปกติ,10/30/2024 2:55,10/30/2024 2:55,1,1
43,ธงประดับสัญลักษณ์พระนามาภิไธยย่อ ส.ท. ม่วง,images/items/ธงประดับสัญลักษณ์พระนามาภิไธยย่อ ส.ท. มวง.jpg,ปกติ,10/31/2024 2:55,10/31/2024 2:55,1,1
76,ธงตราสัญลักษณ์พระนามาภิไธยย่อ ส.ธ.,images/items/ธงตราสัญลักษณ์พระนามาภิไธยย่อ ส.ธ. มวง.png,ปกติ,11/1/2024 2:55,11/1/2024 2:55,1,1
80,ธงตราสัญลักษณ์พระนามาภิไธยย่อ ส.ธ.,images/items/ธงตราสัญลักษณ์พระนามาภิไธยย่อ ส.ธ. มวง.png,ปกติ,11/2/2024 2:55,11/2/2024 2:55,1,1
89,ธงตราสัญลักษณ์พระนามาภิไธยย่อ ส.ธ.,images/items/ธงตราสัญลักษณ์พระนามาภิไธยย่อ ส.ธ. มวง.png,ปกติ,11/3/2024 2:55,11/3/2024 2:55,1,1
75,ธงตราสัญลักษณ์พระนามาภิไธยย่อ ส.ธ.,images/items/ธงตราสัญลักษณ์พระนามาภิไธยย่อ ส.ธ. มวง.png,ปกติ,11/4/2024 2:55,11/4/2024 2:55,1,1
103,ธงตราสัญลักษณ์พระนามาภิไธยย่อ ส.ธ.,images/items/ธงตราสัญลักษณ์พระนามาภิไธยย่อ ส.ธ. มวง.png,ปกติ,11/5/2024 2:55,11/5/2024 2:55,1,1
281,ธงชาติไทย,images/items/ธงชาติไทย.jpg,ปกติ,11/6/2024 2:55,11/6/2024 2:55,1,1
154,ธงตราสัญลักษณ์พระนามาภิไธยย่อ ส.ธ.,images/items/ธงตราสัญลักษณ์พระนามาภิไธยย่อ ส.ธ. มวง.png,ปกติ,11/7/2024 2:55,11/7/2024 2:55,1,1
149,ธงตราสัญลักษณ์พระนามาภิไธยย่อ ส.ธ.,images/items/ธงตราสัญลักษณ์พระนามาภิไธยย่อ ส.ธ. มวง.png,ปกติ,11/8/2024 2:55,11/8/2024 2:55,1,1
145,ธงตราสัญลักษณ์พระนามาภิไธยย่อ ส.ธ.,images/items/ธงตราสัญลักษณ์พระนามาภิไธยย่อ ส.ธ. มวง.png,ปกติ,11/9/2024 2:55,11/9/2024 2:55,1,1
184,ธงตราสัญลักษณ์พระนามาภิไธยย่อ ส.ธ.,images/items/ธงตราสัญลักษณ์พระนามาภิไธยย่อ ส.ธ. มวง.png,ปกติ,11/10/2024 2:55,11/10/2024 2:55,1,1
183,ธงตราสัญลักษณ์พระนามาภิไธยย่อ ส.ธ.,images/items/ธงตราสัญลักษณ์พระนามาภิไธยย่อ ส.ธ. มวง.png,ปกติ,11/11/2024 2:55,11/11/2024 2:55,1,1
688,ธงตราสัญลักษณ์พระปรมาภิไธยย่อ ว.ป.ร.,images/items/ธงตราสัญลักษณ์พระปรมาภิไธยย่อ ว.ป.ร. เหลือง.png,ปกติ,11/12/2024 2:55,11/12/2024 2:55,1,1
190,ธงตราสัญลักษณ์พระนามาภิไธยย่อ ส.ธ.,images/items/ธงตราสัญลักษณ์พระนามาภิไธยย่อ ส.ธ. มวง.png,ปกติ,11/13/2024 2:55,11/13/2024 2:55,1,1
194,ธงตราสัญลักษณ์พระนามาภิไธยย่อ ส.ธ.,images/items/ธงตราสัญลักษณ์พระนามาภิไธยย่อ ส.ธ. มวง.png,ปกติ,11/14/2024 2:55,11/14/2024 2:55,1,1
216,ธงตราสัญลักษณ์พระนามาภิไธยย่อ ส.ธ.,images/items/ธงตราสัญลักษณ์พระนามาภิไธยย่อ ส.ธ. มวง.png,ปกติ,11/15/2024 2:55,11/15/2024 2:55,1,1
242,ธงตราสัญลักษณ์พระนามาภิไธยย่อ ส.ธ.,images/items/ธงตราสัญลักษณ์พระนามาภิไธยย่อ ส.ธ. มวง.png,ปกติ,11/16/2024 2:55,11/16/2024 2:55,1,1
463,ธงตราสัญลักษณ์พระปรมาภิไธยย่อ ว.ป.ร.,images/items/ธงตราสัญลักษณ์พระปรมาภิไธยย่อ ว.ป.ร. เหลือง.png,ปกติ,11/17/2024 2:55,11/17/2024 2:55,1,1
627,ธงตราสัญลักษณ์พระปรมาภิไธยย่อ ว.ป.ร.,images/items/ธงตราสัญลักษณ์พระปรมาภิไธยย่อ ว.ป.ร. เหลือง.png,ปกติ,11/18/2024 2:55,11/18/2024 2:55,1,1
51,ธงประดับสัญลักษณ์พระนามาภิไธยย่อ ส.ท. ม่วง,images/items/ธงประดับสัญลักษณ์พระนามาภิไธยย่อ ส.ท. มวง.jpg,ปกติ,11/19/2024 2:55,11/19/2024 2:55,1,1
101,ธงตราสัญลักษณ์พระนามาภิไธยย่อ ส.ธ.,images/items/ธงตราสัญลักษณ์พระนามาภิไธยย่อ ส.ธ. มวง.png,ปกติ,11/20/2024 2:55,11/20/2024 2:55,1,1
106,ธงตราสัญลักษณ์พระนามาภิไธยย่อ ส.ธ.,images/items/ธงตราสัญลักษณ์พระนามาภิไธยย่อ ส.ธ. มวง.png,ปกติ,11/21/2024 2:55,11/21/2024 2:55,1,1
108,ธงตราสัญลักษณ์พระนามาภิไธยย่อ ส.ธ.,images/items/ธงตราสัญลักษณ์พระนามาภิไธยย่อ ส.ธ. มวง.png,ปกติ,11/22/2024 2:55,11/22/2024 2:55,1,1
540,ธงตราสัญลักษณ์พระปรมาภิไธยย่อ ว.ป.ร.,images/items/ธงตราสัญลักษณ์พระปรมาภิไธยย่อ ว.ป.ร. เหลือง.png,ปกติ,11/23/2024 2:55,11/23/2024 2:55,1,1
554,ธงตราสัญลักษณ์พระปรมาภิไธยย่อ ว.ป.ร.,images/items/ธงตราสัญลักษณ์พระปรมาภิไธยย่อ ว.ป.ร. เหลือง.png,ปกติ,11/24/2024 2:55,11/24/2024 2:55,1,1
566,ธงตราสัญลักษณ์พระปรมาภิไธยย่อ ว.ป.ร.,images/items/ธงตราสัญลักษณ์พระปรมาภิไธยย่อ ว.ป.ร. เหลือง.png,ปกติ,11/25/2024 2:55,11/25/2024 2:55,1,1
619,ธงตราสัญลักษณ์พระปรมาภิไธยย่อ ว.ป.ร.,images/items/ธงตราสัญลักษณ์พระปรมาภิไธยย่อ ว.ป.ร. เหลือง.png,ปกติ,11/26/2024 2:55,11/26/2024 2:55,1,1
642,ธงตราสัญลักษณ์พระปรมาภิไธยย่อ ว.ป.ร.,images/items/ธงตราสัญลักษณ์พระปรมาภิไธยย่อ ว.ป.ร. เหลือง.png,ปกติ,11/27/2024 2:55,11/27/2024 2:55,1,1
770,ธงประดับสัญลักษณ์พระนามาภิไธยย่อ ส.ก. น้ำเงิน,images/items/ธงประดับสัญลักษณ์พระนามาภิไธยย่อ ส.ก. น้ำเงิน.png,ปกติ,11/28/2024 2:55,11/28/2024 2:55,1,1
11,ธงประดับสัญลักษณ์พระนามาภิไธยย่อ ส.ท. ม่วง,images/items/ธงประดับสัญลักษณ์พระนามาภิไธยย่อ ส.ท. มวง.jpg,ปกติ,11/29/2024 2:55,11/29/2024 2:55,1,1
30,ธงประดับสัญลักษณ์พระนามาภิไธยย่อ ส.ท. ม่วง,images/items/ธงประดับสัญลักษณ์พระนามาภิไธยย่อ ส.ท. มวง.jpg,ปกติ,11/30/2024 2:55,11/30/2024 2:55,1,1
31,ธงประดับสัญลักษณ์พระนามาภิไธยย่อ ส.ท. ม่วง,images/items/ธงประดับสัญลักษณ์พระนามาภิไธยย่อ ส.ท. มวง.jpg,ปกติ,12/1/2024 2:55,12/1/2024 2:55,1,1
35,ธงประดับสัญลักษณ์พระนามาภิไธยย่อ ส.ท. ม่วง,images/items/ธงประดับสัญลักษณ์พระนามาภิไธยย่อ ส.ท. มวง.jpg,ปกติ,12/2/2024 2:55,12/2/2024 2:55,1,1
98,ธงตราสัญลักษณ์พระนามาภิไธยย่อ ส.ธ.,images/items/ธงตราสัญลักษณ์พระนามาภิไธยย่อ ส.ธ. มวง.png,ปกติ,12/3/2024 2:55,12/3/2024 2:55,1,1
100,ธงตราสัญลักษณ์พระนามาภิไธยย่อ ส.ธ.,images/items/ธงตราสัญลักษณ์พระนามาภิไธยย่อ ส.ธ. มวง.png,ปกติ,12/4/2024 2:55,12/4/2024 2:55,1,1
350,ธงชาติไทย,images/items/ธงชาติไทย.jpg,ปกติ,12/5/2024 2:55,12/5/2024 2:55,1,1
110,ธงตราสัญลักษณ์พระนามาภิไธยย่อ ส.ธ.,images/items/ธงตราสัญลักษณ์พระนามาภิไธยย่อ ส.ธ. มวง.png,ปกติ,12/6/2024 2:55,12/6/2024 2:55,1,1
892,คูลเลอร์,images/items/คูเลอร์.jpg,ปกติ,12/7/2024 2:55,12/7/2024 2:55,1,2
236,ธงตราสัญลักษณ์พระนามาภิไธยย่อ ส.ธ.,images/items/ธงตราสัญลักษณ์พระนามาภิไธยย่อ ส.ธ. มวง.png,ปกติ,12/8/2024 2:55,12/8/2024 2:55,1,1
498,ธงตราสัญลักษณ์พระปรมาภิไธยย่อ ว.ป.ร.,images/items/ธงตราสัญลักษณ์พระปรมาภิไธยย่อ ว.ป.ร. เหลือง.png,ปกติ,12/9/2024 2:55,12/9/2024 2:55,1,1
516,ธงตราสัญลักษณ์พระปรมาภิไธยย่อ ว.ป.ร.,images/items/ธงตราสัญลักษณ์พระปรมาภิไธยย่อ ว.ป.ร. เหลือง.png,ปกติ,12/10/2024 2:55,12/10/2024 2:55,1,1
638,ธงตราสัญลักษณ์พระปรมาภิไธยย่อ ว.ป.ร.,images/items/ธงตราสัญลักษณ์พระปรมาภิไธยย่อ ว.ป.ร. เหลือง.png,ปกติ,12/11/2024 2:55,12/11/2024 2:55,1,1
904,คูลเลอร์,images/items/คูเลอร์.jpg,ปกติ,12/12/2024 2:55,12/12/2024 2:55,1,2
259,ธงชาติไทย,images/items/ธงชาติไทย.jpg,ปกติ,12/13/2024 2:55,12/13/2024 2:55,1,1
302,ธงชาติไทย,images/items/ธงชาติไทย.jpg,ปกติ,12/14/2024 2:55,12/14/2024 2:55,1,1
322,ธงชาติไทย,images/items/ธงชาติไทย.jpg,ปกติ,12/15/2024 2:55,12/15/2024 2:55,1,1
135,ธงตราสัญลักษณ์พระนามาภิไธยย่อ ส.ธ.,images/items/ธงตราสัญลักษณ์พระนามาภิไธยย่อ ส.ธ. มวง.png,ปกติ,12/16/2024 2:55,12/16/2024 2:55,1,1
137,ธงตราสัญลักษณ์พระนามาภิไธยย่อ ส.ธ.,images/items/ธงตราสัญลักษณ์พระนามาภิไธยย่อ ส.ธ. มวง.png,ปกติ,12/17/2024 2:55,12/17/2024 2:55,1,1
138,ธงตราสัญลักษณ์พระนามาภิไธยย่อ ส.ธ.,images/items/ธงตราสัญลักษณ์พระนามาภิไธยย่อ ส.ธ. มวง.png,ปกติ,12/18/2024 2:55,12/18/2024 2:55,1,1
143,ธงตราสัญลักษณ์พระนามาภิไธยย่อ ส.ธ.,images/items/ธงตราสัญลักษณ์พระนามาภิไธยย่อ ส.ธ. มวง.png,ปกติ,12/19/2024 2:55,12/19/2024 2:55,1,1
134,ธงตราสัญลักษณ์พระนามาภิไธยย่อ ส.ธ.,images/items/ธงตราสัญลักษณ์พระนามาภิไธยย่อ ส.ธ. มวง.png,ปกติ,12/20/2024 2:55,12/20/2024 2:55,1,1
898,คูลเลอร์,images/items/คูเลอร์.jpg,ปกติ,12/21/2024 2:55,12/21/2024 2:55,1,2
241,ธงตราสัญลักษณ์พระนามาภิไธยย่อ ส.ธ.,images/items/ธงตราสัญลักษณ์พระนามาภิไธยย่อ ส.ธ. มวง.png,ปกติ,12/22/2024 2:55,12/22/2024 2:55,1,1
427,ธงชาติไทย,images/items/ธงชาติไทย.jpg,ปกติ,12/23/2024 2:55,12/23/2024 2:55,1,1
56,ธงตราสัญลักษณ์พระนามาภิไธยย่อ ส.ธ.,images/items/ธงตราสัญลักษณ์พระนามาภิไธยย่อ ส.ธ. มวง.png,ปกติ,12/24/2024 2:55,12/24/2024 2:55,1,1
308,ธงชาติไทย,images/items/ธงชาติไทย.jpg,ปกติ,12/25/2024 2:55,12/25/2024 2:55,1,1
544,ธงตราสัญลักษณ์พระปรมาภิไธยย่อ ว.ป.ร.,images/items/ธงตราสัญลักษณ์พระปรมาภิไธยย่อ ว.ป.ร. เหลือง.png,ปกติ,12/26/2024 2:55,12/26/2024 2:55,1,1
545,ธงตราสัญลักษณ์พระปรมาภิไธยย่อ ว.ป.ร.,images/items/ธงตราสัญลักษณ์พระปรมาภิไธยย่อ ว.ป.ร. เหลือง.png,ปกติ,12/27/2024 2:55,12/27/2024 2:55,1,1
742,ธงประดับสัญลักษณ์พระนามาภิไธยย่อ ส.ก. น้ำเงิน,images/items/ธงประดับสัญลักษณ์พระนามาภิไธยย่อ ส.ก. น้ำเงิน.png,ปกติ,12/28/2024 2:55,12/28/2024 2:55,1,1
729,ธงประดับสัญลักษณ์พระนามาภิไธยย่อ ส.ก. น้ำเงิน,images/items/ธงประดับสัญลักษณ์พระนามาภิไธยย่อ ส.ก. น้ำเงิน.png,ปกติ,12/29/2024 2:55,12/29/2024 2:55,1,1
756,ธงประดับสัญลักษณ์พระนามาภิไธยย่อ ส.ก. น้ำเงิน,images/items/ธงประดับสัญลักษณ์พระนามาภิไธยย่อ ส.ก. น้ำเงิน.png,ปกติ,12/30/2024 2:55,12/30/2024 2:55,1,1
78,ธงตราสัญลักษณ์พระนามาภิไธยย่อ ส.ธ.,images/items/ธงตราสัญลักษณ์พระนามาภิไธยย่อ ส.ธ. มวง.png,ปกติ,12/31/2024 2:55,12/31/2024 2:55,1,1
248,ธงตราสัญลักษณ์พระนามาภิไธยย่อ ส.ธ.,images/items/ธงตราสัญลักษณ์พระนามาภิไธยย่อ ส.ธ. มวง.png,ปกติ,1/1/2025 2:55,1/1/2025 2:55,1,1
466,ธงตราสัญลักษณ์พระปรมาภิไธยย่อ ว.ป.ร.,images/items/ธงตราสัญลักษณ์พระปรมาภิไธยย่อ ว.ป.ร. เหลือง.png,ปกติ,1/2/2025 2:55,1/2/2025 2:55,1,1
511,ธงตราสัญลักษณ์พระปรมาภิไธยย่อ ว.ป.ร.,images/items/ธงตราสัญลักษณ์พระปรมาภิไธยย่อ ว.ป.ร. เหลือง.png,ปกติ,1/3/2025 2:55,1/3/2025 2:55,1,1
539,ธงตราสัญลักษณ์พระปรมาภิไธยย่อ ว.ป.ร.,images/items/ธงตราสัญลักษณ์พระปรมาภิไธยย่อ ว.ป.ร. เหลือง.png,ปกติ,1/4/2025 2:55,1/4/2025 2:55,1,1
551,ธงตราสัญลักษณ์พระปรมาภิไธยย่อ ว.ป.ร.,images/items/ธงตราสัญลักษณ์พระปรมาภิไธยย่อ ว.ป.ร. เหลือง.png,ปกติ,1/5/2025 2:55,1/5/2025 2:55,1,1
553,ธงตราสัญลักษณ์พระปรมาภิไธยย่อ ว.ป.ร.,images/items/ธงตราสัญลักษณ์พระปรมาภิไธยย่อ ว.ป.ร. เหลือง.png,ปกติ,1/6/2025 2:55,1/6/2025 2:55,1,1
719,ธงตราสัญลักษณ์พระปรมาภิไธยย่อ ว.ป.ร.,images/items/ธงตราสัญลักษณ์พระปรมาภิไธยย่อ ว.ป.ร. เหลือง.png,ปกติ,1/7/2025 2:55,1/7/2025 2:55,1,1
714,ธงตราสัญลักษณ์พระปรมาภิไธยย่อ ว.ป.ร.,images/items/ธงตราสัญลักษณ์พระปรมาภิไธยย่อ ว.ป.ร. เหลือง.png,ปกติ,1/8/2025 2:55,1/8/2025 2:55,1,1
741,ธงประดับสัญลักษณ์พระนามาภิไธยย่อ ส.ก. น้ำเงิน,images/items/ธงประดับสัญลักษณ์พระนามาภิไธยย่อ ส.ก. น้ำเงิน.png,ปกติ,1/9/2025 2:55,1/9/2025 2:55,1,1
45,ธงประดับสัญลักษณ์พระนามาภิไธยย่อ ส.ท. ม่วง,images/items/ธงประดับสัญลักษณ์พระนามาภิไธยย่อ ส.ท. มวง.jpg,ปกติ,1/10/2025 2:55,1/10/2025 2:55,1,1
467,ธงตราสัญลักษณ์พระปรมาภิไธยย่อ ว.ป.ร.,images/items/ธงตราสัญลักษณ์พระปรมาภิไธยย่อ ว.ป.ร. เหลือง.png,ปกติ,1/11/2025 2:55,1/11/2025 2:55,1,1
476,ธงตราสัญลักษณ์พระปรมาภิไธยย่อ ว.ป.ร.,images/items/ธงตราสัญลักษณ์พระปรมาภิไธยย่อ ว.ป.ร. เหลือง.png,ปกติ,1/12/2025 2:55,1/12/2025 2:55,1,1
487,ธงตราสัญลักษณ์พระปรมาภิไธยย่อ ว.ป.ร.,images/items/ธงตราสัญลักษณ์พระปรมาภิไธยย่อ ว.ป.ร. เหลือง.png,ปกติ,1/13/2025 2:55,1/13/2025 2:55,1,1
491,ธงตราสัญลักษณ์พระปรมาภิไธยย่อ ว.ป.ร.,images/items/ธงตราสัญลักษณ์พระปรมาภิไธยย่อ ว.ป.ร. เหลือง.png,ปกติ,1/14/2025 2:55,1/14/2025 2:55,1,1
492,ธงตราสัญลักษณ์พระปรมาภิไธยย่อ ว.ป.ร.,images/items/ธงตราสัญลักษณ์พระปรมาภิไธยย่อ ว.ป.ร. เหลือง.png,ปกติ,1/15/2025 2:55,1/15/2025 2:55,1,1
585,ธงตราสัญลักษณ์พระปรมาภิไธยย่อ ว.ป.ร.,images/items/ธงตราสัญลักษณ์พระปรมาภิไธยย่อ ว.ป.ร. เหลือง.png,ปกติ,1/16/2025 2:55,1/16/2025 2:55,1,1
49,ธงประดับสัญลักษณ์พระนามาภิไธยย่อ ส.ท. ม่วง,images/items/ธงประดับสัญลักษณ์พระนามาภิไธยย่อ ส.ท. มวง.jpg,ปกติ,1/17/2025 2:55,1/17/2025 2:55,1,1
666,ธงตราสัญลักษณ์พระปรมาภิไธยย่อ ว.ป.ร.,images/items/ธงตราสัญลักษณ์พระปรมาภิไธยย่อ ว.ป.ร. เหลือง.png,ปกติ,1/18/2025 2:55,1/18/2025 2:55,1,1
496,ธงตราสัญลักษณ์พระปรมาภิไธยย่อ ว.ป.ร.,images/items/ธงตราสัญลักษณ์พระปรมาภิไธยย่อ ว.ป.ร. เหลือง.png,ปกติ,1/19/2025 2:55,1/19/2025 2:55,1,1
503,ธงตราสัญลักษณ์พระปรมาภิไธยย่อ ว.ป.ร.,images/items/ธงตราสัญลักษณ์พระปรมาภิไธยย่อ ว.ป.ร. เหลือง.png,ปกติ,1/20/2025 2:55,1/20/2025 2:55,1,1
533,ธงตราสัญลักษณ์พระปรมาภิไธยย่อ ว.ป.ร.,images/items/ธงตราสัญลักษณ์พระปรมาภิไธยย่อ ว.ป.ร. เหลือง.png,ปกติ,1/21/2025 2:55,1/21/2025 2:55,1,1
557,ธงตราสัญลักษณ์พระปรมาภิไธยย่อ ว.ป.ร.,images/items/ธงตราสัญลักษณ์พระปรมาภิไธยย่อ ว.ป.ร. เหลือง.png,ปกติ,1/22/2025 2:55,1/22/2025 2:55,1,1
586,ธงตราสัญลักษณ์พระปรมาภิไธยย่อ ว.ป.ร.,images/items/ธงตราสัญลักษณ์พระปรมาภิไธยย่อ ว.ป.ร. เหลือง.png,ปกติ,1/23/2025 2:55,1/23/2025 2:55,1,1
611,ธงตราสัญลักษณ์พระปรมาภิไธยย่อ ว.ป.ร.,images/items/ธงตราสัญลักษณ์พระปรมาภิไธยย่อ ว.ป.ร. เหลือง.png,ปกติ,1/24/2025 2:55,1/24/2025 2:55,1,1
607,ธงตราสัญลักษณ์พระปรมาภิไธยย่อ ว.ป.ร.,images/items/ธงตราสัญลักษณ์พระปรมาภิไธยย่อ ว.ป.ร. เหลือง.png,ปกติ,1/25/2025 2:55,1/25/2025 2:55,1,1
601,ธงตราสัญลักษณ์พระปรมาภิไธยย่อ ว.ป.ร.,images/items/ธงตราสัญลักษณ์พระปรมาภิไธยย่อ ว.ป.ร. เหลือง.png,ปกติ,1/26/2025 2:55,1/26/2025 2:55,1,1
665,ธงตราสัญลักษณ์พระปรมาภิไธยย่อ ว.ป.ร.,images/items/ธงตราสัญลักษณ์พระปรมาภิไธยย่อ ว.ป.ร. เหลือง.png,ปกติ,1/27/2025 2:55,1/27/2025 2:55,1,1
684,ธงตราสัญลักษณ์พระปรมาภิไธยย่อ ว.ป.ร.,images/items/ธงตราสัญลักษณ์พระปรมาภิไธยย่อ ว.ป.ร. เหลือง.png,ปกติ,1/28/2025 2:55,1/28/2025 2:55,1,1
765,ธงประดับสัญลักษณ์พระนามาภิไธยย่อ ส.ก. น้ำเงิน,images/items/ธงประดับสัญลักษณ์พระนามาภิไธยย่อ ส.ก. น้ำเงิน.png,ปกติ,1/29/2025 2:55,1/29/2025 2:55,1,1
279,ธงชาติไทย,images/items/ธงชาติไทย.jpg,ปกติ,1/30/2025 2:55,1/30/2025 2:55,1,1
283,ธงชาติไทย,images/items/ธงชาติไทย.jpg,ปกติ,1/31/2025 2:55,1/31/2025 2:55,1,1
284,ธงชาติไทย,images/items/ธงชาติไทย.jpg,ปกติ,2/1/2025 2:55,2/1/2025 2:55,1,1
453,ธงชาติไทย,images/items/ธงชาติไทย.jpg,ปกติ,2/2/2025 2:55,2/2/2025 2:55,1,1
155,ธงตราสัญลักษณ์พระนามาภิไธยย่อ ส.ธ.,images/items/ธงตราสัญลักษณ์พระนามาภิไธยย่อ ส.ธ. มวง.png,ปกติ,2/3/2025 2:55,2/3/2025 2:55,1,1
531,ธงตราสัญลักษณ์พระปรมาภิไธยย่อ ว.ป.ร.,images/items/ธงตราสัญลักษณ์พระปรมาภิไธยย่อ ว.ป.ร. เหลือง.png,ปกติ,2/4/2025 2:55,2/4/2025 2:55,1,1
538,ธงตราสัญลักษณ์พระปรมาภิไธยย่อ ว.ป.ร.,images/items/ธงตราสัญลักษณ์พระปรมาภิไธยย่อ ว.ป.ร. เหลือง.png,ปกติ,2/5/2025 2:55,2/5/2025 2:55,1,1
573,ธงตราสัญลักษณ์พระปรมาภิไธยย่อ ว.ป.ร.,images/items/ธงตราสัญลักษณ์พระปรมาภิไธยย่อ ว.ป.ร. เหลือง.png,ปกติ,2/6/2025 2:55,2/6/2025 2:55,1,1
581,ธงตราสัญลักษณ์พระปรมาภิไธยย่อ ว.ป.ร.,images/items/ธงตราสัญลักษณ์พระปรมาภิไธยย่อ ว.ป.ร. เหลือง.png,ปกติ,2/7/2025 2:55,2/7/2025 2:55,1,1
567,ธงตราสัญลักษณ์พระปรมาภิไธยย่อ ว.ป.ร.,images/items/ธงตราสัญลักษณ์พระปรมาภิไธยย่อ ว.ป.ร. เหลือง.png,ปกติ,2/8/2025 2:55,2/8/2025 2:55,1,1
598,ธงตราสัญลักษณ์พระปรมาภิไธยย่อ ว.ป.ร.,images/items/ธงตราสัญลักษณ์พระปรมาภิไธยย่อ ว.ป.ร. เหลือง.png,ปกติ,2/9/2025 2:55,2/9/2025 2:55,1,1
591,ธงตราสัญลักษณ์พระปรมาภิไธยย่อ ว.ป.ร.,images/items/ธงตราสัญลักษณ์พระปรมาภิไธยย่อ ว.ป.ร. เหลือง.png,ปกติ,2/10/2025 2:55,2/10/2025 2:55,1,1
605,ธงตราสัญลักษณ์พระปรมาภิไธยย่อ ว.ป.ร.,images/items/ธงตราสัญลักษณ์พระปรมาภิไธยย่อ ว.ป.ร. เหลือง.png,ปกติ,2/11/2025 2:55,2/11/2025 2:55,1,1
595,ธงตราสัญลักษณ์พระปรมาภิไธยย่อ ว.ป.ร.,images/items/ธงตราสัญลักษณ์พระปรมาภิไธยย่อ ว.ป.ร. เหลือง.png,ปกติ,2/12/2025 2:55,2/12/2025 2:55,1,1
603,ธงตราสัญลักษณ์พระปรมาภิไธยย่อ ว.ป.ร.,images/items/ธงตราสัญลักษณ์พระปรมาภิไธยย่อ ว.ป.ร. เหลือง.png,ปกติ,2/13/2025 2:55,2/13/2025 2:55,1,1
658,ธงตราสัญลักษณ์พระปรมาภิไธยย่อ ว.ป.ร.,images/items/ธงตราสัญลักษณ์พระปรมาภิไธยย่อ ว.ป.ร. เหลือง.png,ปกติ,2/14/2025 2:55,2/14/2025 2:55,1,1
698,ธงตราสัญลักษณ์พระปรมาภิไธยย่อ ว.ป.ร.,images/items/ธงตราสัญลักษณ์พระปรมาภิไธยย่อ ว.ป.ร. เหลือง.png,ปกติ,2/15/2025 2:55,2/15/2025 2:55,1,1
710,ธงตราสัญลักษณ์พระปรมาภิไธยย่อ ว.ป.ร.,images/items/ธงตราสัญลักษณ์พระปรมาภิไธยย่อ ว.ป.ร. เหลือง.png,ปกติ,2/16/2025 2:55,2/16/2025 2:55,1,1
713,ธงตราสัญลักษณ์พระปรมาภิไธยย่อ ว.ป.ร.,images/items/ธงตราสัญลักษณ์พระปรมาภิไธยย่อ ว.ป.ร. เหลือง.png,ปกติ,2/17/2025 2:55,2/17/2025 2:55,1,1
90,ธงตราสัญลักษณ์พระนามาภิไธยย่อ ส.ธ.,images/items/ธงตราสัญลักษณ์พระนามาภิไธยย่อ ส.ธ. มวง.png,ปกติ,2/18/2025 2:55,2/18/2025 2:55,1,1
99,ธงตราสัญลักษณ์พระนามาภิไธยย่อ ส.ธ.,images/items/ธงตราสัญลักษณ์พระนามาภิไธยย่อ ส.ธ. มวง.png,ปกติ,2/19/2025 2:55,2/19/2025 2:55,1,1
102,ธงตราสัญลักษณ์พระนามาภิไธยย่อ ส.ธ.,images/items/ธงตราสัญลักษณ์พระนามาภิไธยย่อ ส.ธ. มวง.png,ปกติ,2/20/2025 2:55,2/20/2025 2:55,1,1
114,ธงตราสัญลักษณ์พระนามาภิไธยย่อ ส.ธ.,images/items/ธงตราสัญลักษณ์พระนามาภิไธยย่อ ส.ธ. มวง.png,ปกติ,2/21/2025 2:55,2/21/2025 2:55,1,1
643,ธงตราสัญลักษณ์พระปรมาภิไธยย่อ ว.ป.ร.,images/items/ธงตราสัญลักษณ์พระปรมาภิไธยย่อ ว.ป.ร. เหลือง.png,ปกติ,2/22/2025 2:55,2/22/2025 2:55,1,1
645,ธงตราสัญลักษณ์พระปรมาภิไธยย่อ ว.ป.ร.,images/items/ธงตราสัญลักษณ์พระปรมาภิไธยย่อ ว.ป.ร. เหลือง.png,ปกติ,2/23/2025 2:55,2/23/2025 2:55,1,1
686,ธงตราสัญลักษณ์พระปรมาภิไธยย่อ ว.ป.ร.,images/items/ธงตราสัญลักษณ์พระปรมาภิไธยย่อ ว.ป.ร. เหลือง.png,ปกติ,2/24/2025 2:55,2/24/2025 2:55,1,1
738,ธงประดับสัญลักษณ์พระนามาภิไธยย่อ ส.ก. น้ำเงิน,images/items/ธงประดับสัญลักษณ์พระนามาภิไธยย่อ ส.ก. น้ำเงิน.png,ปกติ,2/25/2025 2:55,2/25/2025 2:55,1,1
764,ธงประดับสัญลักษณ์พระนามาภิไธยย่อ ส.ก. น้ำเงิน,images/items/ธงประดับสัญลักษณ์พระนามาภิไธยย่อ ส.ก. น้ำเงิน.png,ปกติ,2/26/2025 2:55,2/26/2025 2:55,1,1
767,ธงประดับสัญลักษณ์พระนามาภิไธยย่อ ส.ก. น้ำเงิน,images/items/ธงประดับสัญลักษณ์พระนามาภิไธยย่อ ส.ก. น้ำเงิน.png,ปกติ,2/27/2025 2:55,2/27/2025 2:55,1,1
6,ธงประดับสัญลักษณ์พระนามาภิไธยย่อ ส.ท. ม่วง,images/items/ธงประดับสัญลักษณ์พระนามาภิไธยย่อ ส.ท. มวง.jpg,ปกติ,2/28/2025 2:55,2/28/2025 2:55,1,1
37,ธงประดับสัญลักษณ์พระนามาภิไธยย่อ ส.ท. ม่วง,images/items/ธงประดับสัญลักษณ์พระนามาภิไธยย่อ ส.ท. มวง.jpg,ปกติ,3/1/2025 2:55,3/1/2025 2:55,1,1
47,ธงประดับสัญลักษณ์พระนามาภิไธยย่อ ส.ท. ม่วง,images/items/ธงประดับสัญลักษณ์พระนามาภิไธยย่อ ส.ท. มวง.jpg,ปกติ,3/2/2025 2:55,3/2/2025 2:55,1,1
22,ธงประดับสัญลักษณ์พระนามาภิไธยย่อ ส.ท. ม่วง,images/items/ธงประดับสัญลักษณ์พระนามาภิไธยย่อ ส.ท. มวง.jpg,ปกติ,3/3/2025 2:55,3/3/2025 2:55,1,1
32,ธงประดับสัญลักษณ์พระนามาภิไธยย่อ ส.ท. ม่วง,images/items/ธงประดับสัญลักษณ์พระนามาภิไธยย่อ ส.ท. มวง.jpg,ปกติ,3/4/2025 2:55,3/4/2025 2:55,1,1
50,ธงประดับสัญลักษณ์พระนามาภิไธยย่อ ส.ท. ม่วง,images/items/ธงประดับสัญลักษณ์พระนามาภิไธยย่อ ส.ท. มวง.jpg,ปกติ,3/5/2025 2:55,3/5/2025 2:55,1,1
324,ธงชาติไทย,images/items/ธงชาติไทย.jpg,ปกติ,3/6/2025 2:55,3/6/2025 2:55,1,1
387,ธงชาติไทย,images/items/ธงชาติไทย.jpg,ปกติ,3/7/2025 2:55,3/7/2025 2:55,1,1
398,ธงชาติไทย,images/items/ธงชาติไทย.jpg,ปกติ,3/8/2025 2:55,3/8/2025 2:55,1,1
404,ธงชาติไทย,images/items/ธงชาติไทย.jpg,ปกติ,3/9/2025 2:55,3/9/2025 2:55,1,1
390,ธงชาติไทย,images/items/ธงชาติไทย.jpg,ปกติ,3/10/2025 2:55,3/10/2025 2:55,1,1
414,ธงชาติไทย,images/items/ธงชาติไทย.jpg,ปกติ,3/11/2025 2:55,3/11/2025 2:55,1,1
431,ธงชาติไทย,images/items/ธงชาติไทย.jpg,ปกติ,3/12/2025 2:55,3/12/2025 2:55,1,1
442,ธงชาติไทย,images/items/ธงชาติไทย.jpg,ปกติ,3/13/2025 2:55,3/13/2025 2:55,1,1
454,ธงชาติไทย,images/items/ธงชาติไทย.jpg,ปกติ,3/14/2025 2:55,3/14/2025 2:55,1,1
92,ธงตราสัญลักษณ์พระนามาภิไธยย่อ ส.ธ.,images/items/ธงตราสัญลักษณ์พระนามาภิไธยย่อ ส.ธ. มวง.png,ปกติ,3/15/2025 2:55,3/15/2025 2:55,1,1
93,ธงตราสัญลักษณ์พระนามาภิไธยย่อ ส.ธ.,images/items/ธงตราสัญลักษณ์พระนามาภิไธยย่อ ส.ธ. มวง.png,ปกติ,3/16/2025 2:55,3/16/2025 2:55,1,1
115,ธงตราสัญลักษณ์พระนามาภิไธยย่อ ส.ธ.,images/items/ธงตราสัญลักษณ์พระนามาภิไธยย่อ ส.ธ. มวง.png,ปกติ,3/17/2025 2:55,3/17/2025 2:55,1,1
116,ธงตราสัญลักษณ์พระนามาภิไธยย่อ ส.ธ.,images/items/ธงตราสัญลักษณ์พระนามาภิไธยย่อ ส.ธ. มวง.png,ปกติ,3/18/2025 2:55,3/18/2025 2:55,1,1
129,ธงตราสัญลักษณ์พระนามาภิไธยย่อ ส.ธ.,images/items/ธงตราสัญลักษณ์พระนามาภิไธยย่อ ส.ธ. มวง.png,ปกติ,3/19/2025 2:55,3/19/2025 2:55,1,1
122,ธงตราสัญลักษณ์พระนามาภิไธยย่อ ส.ธ.,images/items/ธงตราสัญลักษณ์พระนามาภิไธยย่อ ส.ธ. มวง.png,ปกติ,3/20/2025 2:55,3/20/2025 2:55,1,1
635,ธงตราสัญลักษณ์พระปรมาภิไธยย่อ ว.ป.ร.,images/items/ธงตราสัญลักษณ์พระปรมาภิไธยย่อ ว.ป.ร. เหลือง.png,ปกติ,3/21/2025 2:55,3/21/2025 2:55,1,1
636,ธงตราสัญลักษณ์พระปรมาภิไธยย่อ ว.ป.ร.,images/items/ธงตราสัญลักษณ์พระปรมาภิไธยย่อ ว.ป.ร. เหลือง.png,ปกติ,3/22/2025 2:55,3/22/2025 2:55,1,1
649,ธงตราสัญลักษณ์พระปรมาภิไธยย่อ ว.ป.ร.,images/items/ธงตราสัญลักษณ์พระปรมาภิไธยย่อ ว.ป.ร. เหลือง.png,ปกติ,3/23/2025 2:55,3/23/2025 2:55,1,1
660,ธงตราสัญลักษณ์พระปรมาภิไธยย่อ ว.ป.ร.,images/items/ธงตราสัญลักษณ์พระปรมาภิไธยย่อ ว.ป.ร. เหลือง.png,ปกติ,3/24/2025 2:55,3/24/2025 2:55,1,1
67,ธงตราสัญลักษณ์พระนามาภิไธยย่อ ส.ธ.,images/items/ธงตราสัญลักษณ์พระนามาภิไธยย่อ ส.ธ. มวง.png,ปกติ,3/25/2025 2:55,3/25/2025 2:55,1,1
83,ธงตราสัญลักษณ์พระนามาภิไธยย่อ ส.ธ.,images/items/ธงตราสัญลักษณ์พระนามาภิไธยย่อ ส.ธ. มวง.png,ปกติ,3/26/2025 2:55,3/26/2025 2:55,1,1
123,ธงตราสัญลักษณ์พระนามาภิไธยย่อ ส.ธ.,images/items/ธงตราสัญลักษณ์พระนามาภิไธยย่อ ส.ธ. มวง.png,ปกติ,3/27/2025 2:55,3/27/2025 2:55,1,1
142,ธงตราสัญลักษณ์พระนามาภิไธยย่อ ส.ธ.,images/items/ธงตราสัญลักษณ์พระนามาภิไธยย่อ ส.ธ. มวง.png,ปกติ,3/28/2025 2:55,3/28/2025 2:55,1,1
133,ธงตราสัญลักษณ์พระนามาภิไธยย่อ ส.ธ.,images/items/ธงตราสัญลักษณ์พระนามาภิไธยย่อ ส.ธ. มวง.png,ปกติ,3/29/2025 2:55,3/29/2025 2:55,1,1
460,ธงตราสัญลักษณ์พระปรมาภิไธยย่อ ว.ป.ร.,images/items/ธงตราสัญลักษณ์พระปรมาภิไธยย่อ ว.ป.ร. เหลือง.png,ปกติ,3/30/2025 2:55,3/30/2025 2:55,1,1
479,ธงตราสัญลักษณ์พระปรมาภิไธยย่อ ว.ป.ร.,images/items/ธงตราสัญลักษณ์พระปรมาภิไธยย่อ ว.ป.ร. เหลือง.png,ปกติ,3/31/2025 2:55,3/31/2025 2:55,1,1
525,ธงตราสัญลักษณ์พระปรมาภิไธยย่อ ว.ป.ร.,images/items/ธงตราสัญลักษณ์พระปรมาภิไธยย่อ ว.ป.ร. เหลือง.png,ปกติ,4/1/2025 2:55,4/1/2025 2:55,1,1
532,ธงตราสัญลักษณ์พระปรมาภิไธยย่อ ว.ป.ร.,images/items/ธงตราสัญลักษณ์พระปรมาภิไธยย่อ ว.ป.ร. เหลือง.png,ปกติ,4/2/2025 2:55,4/2/2025 2:55,1,1
513,ธงตราสัญลักษณ์พระปรมาภิไธยย่อ ว.ป.ร.,images/items/ธงตราสัญลักษณ์พระปรมาภิไธยย่อ ว.ป.ร. เหลือง.png,ปกติ,4/3/2025 2:55,4/3/2025 2:55,1,1
747,ธงประดับสัญลักษณ์พระนามาภิไธยย่อ ส.ก. น้ำเงิน,images/items/ธงประดับสัญลักษณ์พระนามาภิไธยย่อ ส.ก. น้ำเงิน.png,ปกติ,4/4/2025 2:55,4/4/2025 2:55,1,1
733,ธงประดับสัญลักษณ์พระนามาภิไธยย่อ ส.ก. น้ำเงิน,images/items/ธงประดับสัญลักษณ์พระนามาภิไธยย่อ ส.ก. น้ำเงิน.png,ปกติ,4/5/2025 2:55,4/5/2025 2:55,1,1
897,คูลเลอร์,images/items/คูเลอร์.jpg,ปกติ,4/6/2025 2:55,4/6/2025 2:55,1,2
751,ธงประดับสัญลักษณ์พระนามาภิไธยย่อ ส.ก. น้ำเงิน,images/items/ธงประดับสัญลักษณ์พระนามาภิไธยย่อ ส.ก. น้ำเงิน.png,ปกติ,4/7/2025 2:55,4/7/2025 2:55,1,1
726,ธงประดับสัญลักษณ์พระนามาภิไธยย่อ ส.ก. น้ำเงิน,images/items/ธงประดับสัญลักษณ์พระนามาภิไธยย่อ ส.ก. น้ำเงิน.png,ปกติ,4/8/2025 2:55,4/8/2025 2:55,1,1
730,ธงประดับสัญลักษณ์พระนามาภิไธยย่อ ส.ก. น้ำเงิน,images/items/ธงประดับสัญลักษณ์พระนามาภิไธยย่อ ส.ก. น้ำเงิน.png,ปกติ,4/9/2025 2:55,4/9/2025 2:55,1,1
734,ธงประดับสัญลักษณ์พระนามาภิไธยย่อ ส.ก. น้ำเงิน,images/items/ธงประดับสัญลักษณ์พระนามาภิไธยย่อ ส.ก. น้ำเงิน.png,ปกติ,4/10/2025 2:55,4/10/2025 2:55,1,1
355,ธงชาติไทย,images/items/ธงชาติไทย.jpg,ปกติ,4/11/2025 2:55,4/11/2025 2:55,1,1
84,ธงตราสัญลักษณ์พระนามาภิไธยย่อ ส.ธ.,images/items/ธงตราสัญลักษณ์พระนามาภิไธยย่อ ส.ธ. มวง.png,ปกติ,4/12/2025 2:55,4/12/2025 2:55,1,1
87,ธงตราสัญลักษณ์พระนามาภิไธยย่อ ส.ธ.,images/items/ธงตราสัญลักษณ์พระนามาภิไธยย่อ ส.ธ. มวง.png,ปกติ,4/13/2025 2:55,4/13/2025 2:55,1,1
96,ธงตราสัญลักษณ์พระนามาภิไธยย่อ ส.ธ.,images/items/ธงตราสัญลักษณ์พระนามาภิไธยย่อ ส.ธ. มวง.png,ปกติ,4/14/2025 2:55,4/14/2025 2:55,1,1
111,ธงตราสัญลักษณ์พระนามาภิไธยย่อ ส.ธ.,images/items/ธงตราสัญลักษณ์พระนามาภิไธยย่อ ส.ธ. มวง.png,ปกติ,4/15/2025 2:55,4/15/2025 2:55,1,1
113,ธงตราสัญลักษณ์พระนามาภิไธยย่อ ส.ธ.,images/items/ธงตราสัญลักษณ์พระนามาภิไธยย่อ ส.ธ. มวง.png,ปกติ,4/16/2025 2:55,4/16/2025 2:55,1,1
170,ธงตราสัญลักษณ์พระนามาภิไธยย่อ ส.ธ.,images/items/ธงตราสัญลักษณ์พระนามาภิไธยย่อ ส.ธ. มวง.png,ปกติ,4/17/2025 2:55,4/17/2025 2:55,1,1
536,ธงตราสัญลักษณ์พระปรมาภิไธยย่อ ว.ป.ร.,images/items/ธงตราสัญลักษณ์พระปรมาภิไธยย่อ ว.ป.ร. เหลือง.png,ปกติ,4/18/2025 2:55,4/18/2025 2:55,1,1
15,ธงประดับสัญลักษณ์พระนามาภิไธยย่อ ส.ท. ม่วง,images/items/ธงประดับสัญลักษณ์พระนามาภิไธยย่อ ส.ท. มวง.jpg,ปกติ,4/19/2025 2:55,4/19/2025 2:55,1,1
16,ธงประดับสัญลักษณ์พระนามาภิไธยย่อ ส.ท. ม่วง,images/items/ธงประดับสัญลักษณ์พระนามาภิไธยย่อ ส.ท. มวง.jpg,ปกติ,4/20/2025 2:55,4/20/2025 2:55,1,1
21,ธงประดับสัญลักษณ์พระนามาภิไธยย่อ ส.ท. ม่วง,images/items/ธงประดับสัญลักษณ์พระนามาภิไธยย่อ ส.ท. มวง.jpg,ปกติ,4/21/2025 2:55,4/21/2025 2:55,1,1
23,ธงประดับสัญลักษณ์พระนามาภิไธยย่อ ส.ท. ม่วง,images/items/ธงประดับสัญลักษณ์พระนามาภิไธยย่อ ส.ท. มวง.jpg,ปกติ,4/22/2025 2:55,4/22/2025 2:55,1,1
25,ธงประดับสัญลักษณ์พระนามาภิไธยย่อ ส.ท. ม่วง,images/items/ธงประดับสัญลักษณ์พระนามาภิไธยย่อ ส.ท. มวง.jpg,ปกติ,4/23/2025 2:55,4/23/2025 2:55,1,1
27,ธงประดับสัญลักษณ์พระนามาภิไธยย่อ ส.ท. ม่วง,images/items/ธงประดับสัญลักษณ์พระนามาภิไธยย่อ ส.ท. มวง.jpg,ปกติ,4/24/2025 2:55,4/24/2025 2:55,1,1
153,ธงตราสัญลักษณ์พระนามาภิไธยย่อ ส.ธ.,images/items/ธงตราสัญลักษณ์พระนามาภิไธยย่อ ส.ธ. มวง.png,ปกติ,4/25/2025 2:55,4/25/2025 2:55,1,1
157,ธงตราสัญลักษณ์พระนามาภิไธยย่อ ส.ธ.,images/items/ธงตราสัญลักษณ์พระนามาภิไธยย่อ ส.ธ. มวง.png,ปกติ,4/26/2025 2:55,4/26/2025 2:55,1,1
158,ธงตราสัญลักษณ์พระนามาภิไธยย่อ ส.ธ.,images/items/ธงตราสัญลักษณ์พระนามาภิไธยย่อ ส.ธ. มวง.png,ปกติ,4/27/2025 2:55,4/27/2025 2:55,1,1
164,ธงตราสัญลักษณ์พระนามาภิไธยย่อ ส.ธ.,images/items/ธงตราสัญลักษณ์พระนามาภิไธยย่อ ส.ธ. มวง.png,ปกติ,4/28/2025 2:55,4/28/2025 2:55,1,1
166,ธงตราสัญลักษณ์พระนามาภิไธยย่อ ส.ธ.,images/items/ธงตราสัญลักษณ์พระนามาภิไธยย่อ ส.ธ. มวง.png,ปกติ,4/29/2025 2:55,4/29/2025 2:55,1,1
85,ธงตราสัญลักษณ์พระนามาภิไธยย่อ ส.ธ.,images/items/ธงตราสัญลักษณ์พระนามาภิไธยย่อ ส.ธ. มวง.png,ปกติ,4/30/2025 2:55,4/30/2025 2:55,1,1
112,ธงตราสัญลักษณ์พระนามาภิไธยย่อ ส.ธ.,images/items/ธงตราสัญลักษณ์พระนามาภิไธยย่อ ส.ธ. มวง.png,ปกติ,5/1/2025 2:55,5/1/2025 2:55,1,1
121,ธงตราสัญลักษณ์พระนามาภิไธยย่อ ส.ธ.,images/items/ธงตราสัญลักษณ์พระนามาภิไธยย่อ ส.ธ. มวง.png,ปกติ,5/2/2025 2:55,5/2/2025 2:55,1,1
141,ธงตราสัญลักษณ์พระนามาภิไธยย่อ ส.ธ.,images/items/ธงตราสัญลักษณ์พระนามาภิไธยย่อ ส.ธ. มวง.png,ปกติ,5/3/2025 2:55,5/3/2025 2:55,1,1
144,ธงตราสัญลักษณ์พระนามาภิไธยย่อ ส.ธ.,images/items/ธงตราสัญลักษณ์พระนามาภิไธยย่อ ส.ธ. มวง.png,ปกติ,5/4/2025 2:55,5/4/2025 2:55,1,1
197,ธงตราสัญลักษณ์พระนามาภิไธยย่อ ส.ธ.,images/items/ธงตราสัญลักษณ์พระนามาภิไธยย่อ ส.ธ. มวง.png,ปกติ,5/5/2025 2:55,5/5/2025 2:55,1,1
196,ธงตราสัญลักษณ์พระนามาภิไธยย่อ ส.ธ.,images/items/ธงตราสัญลักษณ์พระนามาภิไธยย่อ ส.ธ. มวง.png,ปกติ,5/6/2025 2:55,5/6/2025 2:55,1,1
223,ธงตราสัญลักษณ์พระนามาภิไธยย่อ ส.ธ.,images/items/ธงตราสัญลักษณ์พระนามาภิไธยย่อ ส.ธ. มวง.png,ปกติ,5/7/2025 2:55,5/7/2025 2:55,1,1
243,ธงตราสัญลักษณ์พระนามาภิไธยย่อ ส.ธ.,images/items/ธงตราสัญลักษณ์พระนามาภิไธยย่อ ส.ธ. มวง.png,ปกติ,5/8/2025 2:55,5/8/2025 2:55,1,1
457,ธงตราสัญลักษณ์พระปรมาภิไธยย่อ ว.ป.ร.,images/items/ธงตราสัญลักษณ์พระปรมาภิไธยย่อ ว.ป.ร. เหลือง.png,ปกติ,5/9/2025 2:55,5/9/2025 2:55,1,1
477,ธงตราสัญลักษณ์พระปรมาภิไธยย่อ ว.ป.ร.,images/items/ธงตราสัญลักษณ์พระปรมาภิไธยย่อ ว.ป.ร. เหลือง.png,ปกติ,5/10/2025 2:55,5/10/2025 2:55,1,1
535,ธงตราสัญลักษณ์พระปรมาภิไธยย่อ ว.ป.ร.,images/items/ธงตราสัญลักษณ์พระปรมาภิไธยย่อ ว.ป.ร. เหลือง.png,ปกติ,5/11/2025 2:55,5/11/2025 2:55,1,1
528,ธงตราสัญลักษณ์พระปรมาภิไธยย่อ ว.ป.ร.,images/items/ธงตราสัญลักษณ์พระปรมาภิไธยย่อ ว.ป.ร. เหลือง.png,ปกติ,5/12/2025 2:55,5/12/2025 2:55,1,1
254,ธงชาติไทย,images/items/ธงชาติไทย.jpg,ปกติ,5/13/2025 2:55,5/13/2025 2:55,1,1
255,ธงชาติไทย,images/items/ธงชาติไทย.jpg,ปกติ,5/14/2025 2:55,5/14/2025 2:55,1,1
263,ธงชาติไทย,images/items/ธงชาติไทย.jpg,ปกติ,5/15/2025 2:55,5/15/2025 2:55,1,1
256,ธงชาติไทย,images/items/ธงชาติไทย.jpg,ปกติ,5/16/2025 2:55,5/16/2025 2:55,1,1
285,ธงชาติไทย,images/items/ธงชาติไทย.jpg,ปกติ,5/17/2025 2:55,5/17/2025 2:55,1,1
260,ธงชาติไทย,images/items/ธงชาติไทย.jpg,ปกติ,5/18/2025 2:55,5/18/2025 2:55,1,1
261,ธงชาติไทย,images/items/ธงชาติไทย.jpg,ปกติ,5/19/2025 2:55,5/19/2025 2:55,1,1
400,ธงชาติไทย,images/items/ธงชาติไทย.jpg,ปกติ,5/20/2025 2:55,5/20/2025 2:55,1,1
412,ธงชาติไทย,images/items/ธงชาติไทย.jpg,ปกติ,5/21/2025 2:55,5/21/2025 2:55,1,1
413,ธงชาติไทย,images/items/ธงชาติไทย.jpg,ปกติ,5/22/2025 2:55,5/22/2025 2:55,1,1
521,ธงตราสัญลักษณ์พระปรมาภิไธยย่อ ว.ป.ร.,images/items/ธงตราสัญลักษณ์พระปรมาภิไธยย่อ ว.ป.ร. เหลือง.png,ปกติ,5/23/2025 2:55,5/23/2025 2:55,1,1
541,ธงตราสัญลักษณ์พระปรมาภิไธยย่อ ว.ป.ร.,images/items/ธงตราสัญลักษณ์พระปรมาภิไธยย่อ ว.ป.ร. เหลือง.png,ปกติ,5/24/2025 2:55,5/24/2025 2:55,1,1
901,คูลเลอร์,images/items/คูเลอร์.jpg,ปกติ,5/25/2025 2:55,5/25/2025 2:55,1,2
900,คูลเลอร์,images/items/คูเลอร์.jpg,ปกติ,5/26/2025 2:55,5/26/2025 2:55,1,2
304,ธงชาติไทย,images/items/ธงชาติไทย.jpg,ปกติ,5/27/2025 2:55,5/27/2025 2:55,1,1
429,ธงชาติไทย,images/items/ธงชาติไทย.jpg,ปกติ,5/28/2025 2:55,5/28/2025 2:55,1,1
448,ธงชาติไทย,images/items/ธงชาติไทย.jpg,ปกติ,5/29/2025 2:55,5/29/2025 2:55,1,1
54,ธงตราสัญลักษณ์พระนามาภิไธยย่อ ส.ธ.,images/items/ธงตราสัญลักษณ์พระนามาภิไธยย่อ ส.ธ. มวง.png,ปกติ,5/30/2025 2:55,5/30/2025 2:55,1,1
79,ธงตราสัญลักษณ์พระนามาภิไธยย่อ ส.ธ.,images/items/ธงตราสัญลักษณ์พระนามาภิไธยย่อ ส.ธ. มวง.png,ปกติ,5/31/2025 2:55,5/31/2025 2:55,1,1
323,ธงชาติไทย,images/items/ธงชาติไทย.jpg,ปกติ,6/1/2025 2:55,6/1/2025 2:55,1,1
337,ธงชาติไทย,images/items/ธงชาติไทย.jpg,ปกติ,6/2/2025 2:55,6/2/2025 2:55,1,1
354,ธงชาติไทย,images/items/ธงชาติไทย.jpg,ปกติ,6/3/2025 2:55,6/3/2025 2:55,1,1
356,ธงชาติไทย,images/items/ธงชาติไทย.jpg,ปกติ,6/4/2025 2:55,6/4/2025 2:55,1,1
401,ธงชาติไทย,images/items/ธงชาติไทย.jpg,ปกติ,6/5/2025 2:55,6/5/2025 2:55,1,1
314,ธงชาติไทย,images/items/ธงชาติไทย.jpg,ปกติ,6/6/2025 2:55,6/6/2025 2:55,1,1
406,ธงชาติไทย,images/items/ธงชาติไทย.jpg,ปกติ,6/7/2025 2:55,6/7/2025 2:55,1,1
407,ธงชาติไทย,images/items/ธงชาติไทย.jpg,ปกติ,6/8/2025 2:55,6/8/2025 2:55,1,1
409,ธงชาติไทย,images/items/ธงชาติไทย.jpg,ปกติ,6/9/2025 2:55,6/9/2025 2:55,1,1
53,ธงตราสัญลักษณ์พระนามาภิไธยย่อ ส.ธ.,images/items/ธงตราสัญลักษณ์พระนามาภิไธยย่อ ส.ธ. มวง.png,ปกติ,6/10/2025 2:55,6/10/2025 2:55,1,1
77,ธงตราสัญลักษณ์พระนามาภิไธยย่อ ส.ธ.,images/items/ธงตราสัญลักษณ์พระนามาภิไธยย่อ ส.ธ. มวง.png,ปกติ,6/11/2025 2:55,6/11/2025 2:55,1,1
82,ธงตราสัญลักษณ์พระนามาภิไธยย่อ ส.ธ.,images/items/ธงตราสัญลักษณ์พระนามาภิไธยย่อ ส.ธ. มวง.png,ปกติ,6/12/2025 2:55,6/12/2025 2:55,1,1
152,ธงตราสัญลักษณ์พระนามาภิไธยย่อ ส.ธ.,images/items/ธงตราสัญลักษณ์พระนามาภิไธยย่อ ส.ธ. มวง.png,ปกติ,6/13/2025 2:55,6/13/2025 2:55,1,1
175,ธงตราสัญลักษณ์พระนามาภิไธยย่อ ส.ธ.,images/items/ธงตราสัญลักษณ์พระนามาภิไธยย่อ ส.ธ. มวง.png,ปกติ,6/14/2025 2:55,6/14/2025 2:55,1,1
186,ธงตราสัญลักษณ์พระนามาภิไธยย่อ ส.ธ.,images/items/ธงตราสัญลักษณ์พระนามาภิไธยย่อ ส.ธ. มวง.png,ปกติ,6/15/2025 2:55,6/15/2025 2:55,1,1
117,ธงตราสัญลักษณ์พระนามาภิไธยย่อ ส.ธ.,images/items/ธงตราสัญลักษณ์พระนามาภิไธยย่อ ส.ธ. มวง.png,ปกติ,6/16/2025 2:55,6/16/2025 2:55,1,1
481,ธงตราสัญลักษณ์พระปรมาภิไธยย่อ ว.ป.ร.,images/items/ธงตราสัญลักษณ์พระปรมาภิไธยย่อ ว.ป.ร. เหลือง.png,ปกติ,6/17/2025 2:55,6/17/2025 2:55,1,1
490,ธงตราสัญลักษณ์พระปรมาภิไธยย่อ ว.ป.ร.,images/items/ธงตราสัญลักษณ์พระปรมาภิไธยย่อ ว.ป.ร. เหลือง.png,ปกติ,6/18/2025 2:55,6/18/2025 2:55,1,1
273,ธงชาติไทย,images/items/ธงชาติไทย.jpg,ปกติ,6/19/2025 2:55,6/19/2025 2:55,1,1
150,ธงตราสัญลักษณ์พระนามาภิไธยย่อ ส.ธ.,images/items/ธงตราสัญลักษณ์พระนามาภิไธยย่อ ส.ธ. มวง.png,ปกติ,6/20/2025 2:55,6/20/2025 2:55,1,1
176,ธงตราสัญลักษณ์พระนามาภิไธยย่อ ส.ธ.,images/items/ธงตราสัญลักษณ์พระนามาภิไธยย่อ ส.ธ. มวง.png,ปกติ,6/21/2025 2:55,6/21/2025 2:55,1,1
178,ธงตราสัญลักษณ์พระนามาภิไธยย่อ ส.ธ.,images/items/ธงตราสัญลักษณ์พระนามาภิไธยย่อ ส.ธ. มวง.png,ปกติ,6/22/2025 2:55,6/22/2025 2:55,1,1
488,ธงตราสัญลักษณ์พระปรมาภิไธยย่อ ว.ป.ร.,images/items/ธงตราสัญลักษณ์พระปรมาภิไธยย่อ ว.ป.ร. เหลือง.png,ปกติ,6/23/2025 2:55,6/23/2025 2:55,1,1
501,ธงตราสัญลักษณ์พระปรมาภิไธยย่อ ว.ป.ร.,images/items/ธงตราสัญลักษณ์พระปรมาภิไธยย่อ ว.ป.ร. เหลือง.png,ปกติ,6/24/2025 2:55,6/24/2025 2:55,1,1
507,ธงตราสัญลักษณ์พระปรมาภิไธยย่อ ว.ป.ร.,images/items/ธงตราสัญลักษณ์พระปรมาภิไธยย่อ ว.ป.ร. เหลือง.png,ปกติ,6/25/2025 2:55,6/25/2025 2:55,1,1
508,ธงตราสัญลักษณ์พระปรมาภิไธยย่อ ว.ป.ร.,images/items/ธงตราสัญลักษณ์พระปรมาภิไธยย่อ ว.ป.ร. เหลือง.png,ปกติ,6/26/2025 2:55,6/26/2025 2:55,1,1
515,ธงตราสัญลักษณ์พระปรมาภิไธยย่อ ว.ป.ร.,images/items/ธงตราสัญลักษณ์พระปรมาภิไธยย่อ ว.ป.ร. เหลือง.png,ปกติ,6/27/2025 2:55,6/27/2025 2:55,1,1
514,ธงตราสัญลักษณ์พระปรมาภิไธยย่อ ว.ป.ร.,images/items/ธงตราสัญลักษณ์พระปรมาภิไธยย่อ ว.ป.ร. เหลือง.png,ปกติ,6/28/2025 2:55,6/28/2025 2:55,1,1
523,ธงตราสัญลักษณ์พระปรมาภิไธยย่อ ว.ป.ร.,images/items/ธงตราสัญลักษณ์พระปรมาภิไธยย่อ ว.ป.ร. เหลือง.png,ปกติ,6/29/2025 2:55,6/29/2025 2:55,1,1
524,ธงตราสัญลักษณ์พระปรมาภิไธยย่อ ว.ป.ร.,images/items/ธงตราสัญลักษณ์พระปรมาภิไธยย่อ ว.ป.ร. เหลือง.png,ปกติ,6/30/2025 2:55,6/30/2025 2:55,1,1
560,ธงตราสัญลักษณ์พระปรมาภิไธยย่อ ว.ป.ร.,images/items/ธงตราสัญลักษณ์พระปรมาภิไธยย่อ ว.ป.ร. เหลือง.png,ปกติ,7/1/2025 2:55,7/1/2025 2:55,1,1
563,ธงตราสัญลักษณ์พระปรมาภิไธยย่อ ว.ป.ร.,images/items/ธงตราสัญลักษณ์พระปรมาภิไธยย่อ ว.ป.ร. เหลือง.png,ปกติ,7/2/2025 2:55,7/2/2025 2:55,1,1
565,ธงตราสัญลักษณ์พระปรมาภิไธยย่อ ว.ป.ร.,images/items/ธงตราสัญลักษณ์พระปรมาภิไธยย่อ ว.ป.ร. เหลือง.png,ปกติ,7/3/2025 2:55,7/3/2025 2:55,1,1
41,ธงประดับสัญลักษณ์พระนามาภิไธยย่อ ส.ท. ม่วง,images/items/ธงประดับสัญลักษณ์พระนามาภิไธยย่อ ส.ท. มวง.jpg,ปกติ,7/4/2025 2:55,7/4/2025 2:55,1,1
468,ธงตราสัญลักษณ์พระปรมาภิไธยย่อ ว.ป.ร.,images/items/ธงตราสัญลักษณ์พระปรมาภิไธยย่อ ว.ป.ร. เหลือง.png,ปกติ,7/5/2025 2:55,7/5/2025 2:55,1,1
561,ธงตราสัญลักษณ์พระปรมาภิไธยย่อ ว.ป.ร.,images/items/ธงตราสัญลักษณ์พระปรมาภิไธยย่อ ว.ป.ร. เหลือง.png,ปกติ,7/6/2025 2:55,7/6/2025 2:55,1,1
583,ธงตราสัญลักษณ์พระปรมาภิไธยย่อ ว.ป.ร.,images/items/ธงตราสัญลักษณ์พระปรมาภิไธยย่อ ว.ป.ร. เหลือง.png,ปกติ,7/7/2025 2:55,7/7/2025 2:55,1,1
584,ธงตราสัญลักษณ์พระปรมาภิไธยย่อ ว.ป.ร.,images/items/ธงตราสัญลักษณ์พระปรมาภิไธยย่อ ว.ป.ร. เหลือง.png,ปกติ,7/8/2025 2:55,7/8/2025 2:55,1,1
590,ธงตราสัญลักษณ์พระปรมาภิไธยย่อ ว.ป.ร.,images/items/ธงตราสัญลักษณ์พระปรมาภิไธยย่อ ว.ป.ร. เหลือง.png,ปกติ,7/9/2025 2:55,7/9/2025 2:55,1,1
599,ธงตราสัญลักษณ์พระปรมาภิไธยย่อ ว.ป.ร.,images/items/ธงตราสัญลักษณ์พระปรมาภิไธยย่อ ว.ป.ร. เหลือง.png,ปกติ,7/10/2025 2:55,7/10/2025 2:55,1,1
257,ธงชาติไทย,images/items/ธงชาติไทย.jpg,ปกติ,7/11/2025 2:55,7/11/2025 2:55,1,1
173,ธงตราสัญลักษณ์พระนามาภิไธยย่อ ส.ธ.,images/items/ธงตราสัญลักษณ์พระนามาภิไธยย่อ ส.ธ. มวง.png,ปกติ,7/12/2025 2:55,7/12/2025 2:55,1,1
177,ธงตราสัญลักษณ์พระนามาภิไธยย่อ ส.ธ.,images/items/ธงตราสัญลักษณ์พระนามาภิไธยย่อ ส.ธ. มวง.png,ปกติ,7/13/2025 2:55,7/13/2025 2:55,1,1
188,ธงตราสัญลักษณ์พระนามาภิไธยย่อ ส.ธ.,images/items/ธงตราสัญลักษณ์พระนามาภิไธยย่อ ส.ธ. มวง.png,ปกติ,7/14/2025 2:55,7/14/2025 2:55,1,1
189,ธงตราสัญลักษณ์พระนามาภิไธยย่อ ส.ธ.,images/items/ธงตราสัญลักษณ์พระนามาภิไธยย่อ ส.ธ. มวง.png,ปกติ,7/15/2025 2:55,7/15/2025 2:55,1,1
198,ธงตราสัญลักษณ์พระนามาภิไธยย่อ ส.ธ.,images/items/ธงตราสัญลักษณ์พระนามาภิไธยย่อ ส.ธ. มวง.png,ปกติ,7/16/2025 2:55,7/16/2025 2:55,1,1
199,ธงตราสัญลักษณ์พระนามาภิไธยย่อ ส.ธ.,images/items/ธงตราสัญลักษณ์พระนามาภิไธยย่อ ส.ธ. มวง.png,ปกติ,7/17/2025 2:55,7/17/2025 2:55,1,1
600,ธงตราสัญลักษณ์พระปรมาภิไธยย่อ ว.ป.ร.,images/items/ธงตราสัญลักษณ์พระปรมาภิไธยย่อ ว.ป.ร. เหลือง.png,ปกติ,7/18/2025 2:55,7/18/2025 2:55,1,1
606,ธงตราสัญลักษณ์พระปรมาภิไธยย่อ ว.ป.ร.,images/items/ธงตราสัญลักษณ์พระปรมาภิไธยย่อ ว.ป.ร. เหลือง.png,ปกติ,7/19/2025 2:55,7/19/2025 2:55,1,1
613,ธงตราสัญลักษณ์พระปรมาภิไธยย่อ ว.ป.ร.,images/items/ธงตราสัญลักษณ์พระปรมาภิไธยย่อ ว.ป.ร. เหลือง.png,ปกติ,7/20/2025 2:55,7/20/2025 2:55,1,1
625,ธงตราสัญลักษณ์พระปรมาภิไธยย่อ ว.ป.ร.,images/items/ธงตราสัญลักษณ์พระปรมาภิไธยย่อ ว.ป.ร. เหลือง.png,ปกติ,7/21/2025 2:55,7/21/2025 2:55,1,1
628,ธงตราสัญลักษณ์พระปรมาภิไธยย่อ ว.ป.ร.,images/items/ธงตราสัญลักษณ์พระปรมาภิไธยย่อ ว.ป.ร. เหลือง.png,ปกติ,7/22/2025 2:55,7/22/2025 2:55,1,1
670,ธงตราสัญลักษณ์พระปรมาภิไธยย่อ ว.ป.ร.,images/items/ธงตราสัญลักษณ์พระปรมาภิไธยย่อ ว.ป.ร. เหลือง.png,ปกติ,7/23/2025 2:55,7/23/2025 2:55,1,1
671,ธงตราสัญลักษณ์พระปรมาภิไธยย่อ ว.ป.ร.,images/items/ธงตราสัญลักษณ์พระปรมาภิไธยย่อ ว.ป.ร. เหลือง.png,ปกติ,7/24/2025 2:55,7/24/2025 2:55,1,1
667,ธงตราสัญลักษณ์พระปรมาภิไธยย่อ ว.ป.ร.,images/items/ธงตราสัญลักษณ์พระปรมาภิไธยย่อ ว.ป.ร. เหลือง.png,ปกติ,7/25/2025 2:55,7/25/2025 2:55,1,1
683,ธงตราสัญลักษณ์พระปรมาภิไธยย่อ ว.ป.ร.,images/items/ธงตราสัญลักษณ์พระปรมาภิไธยย่อ ว.ป.ร. เหลือง.png,ปกติ,7/26/2025 2:55,7/26/2025 2:55,1,1
57,ธงตราสัญลักษณ์พระนามาภิไธยย่อ ส.ธ.,images/items/ธงตราสัญลักษณ์พระนามาภิไธยย่อ ส.ธ. มวง.png,ปกติ,7/27/2025 2:55,7/27/2025 2:55,1,1
55,ธงตราสัญลักษณ์พระนามาภิไธยย่อ ส.ธ.,images/items/ธงตราสัญลักษณ์พระนามาภิไธยย่อ ส.ธ. มวง.png,ปกติ,7/28/2025 2:55,7/28/2025 2:55,1,1
71,ธงตราสัญลักษณ์พระนามาภิไธยย่อ ส.ธ.,images/items/ธงตราสัญลักษณ์พระนามาภิไธยย่อ ส.ธ. มวง.png,ปกติ,7/29/2025 2:55,7/29/2025 2:55,1,1
192,ธงตราสัญลักษณ์พระนามาภิไธยย่อ ส.ธ.,images/items/ธงตราสัญลักษณ์พระนามาภิไธยย่อ ส.ธ. มวง.png,ปกติ,7/30/2025 2:55,7/30/2025 2:55,1,1
207,ธงตราสัญลักษณ์พระนามาภิไธยย่อ ส.ธ.,images/items/ธงตราสัญลักษณ์พระนามาภิไธยย่อ ส.ธ. มวง.png,ปกติ,7/31/2025 2:55,7/31/2025 2:55,1,1
220,ธงตราสัญลักษณ์พระนามาภิไธยย่อ ส.ธ.,images/items/ธงตราสัญลักษณ์พระนามาภิไธยย่อ ส.ธ. มวง.png,ปกติ,8/1/2025 2:55,8/1/2025 2:55,1,1
221,ธงตราสัญลักษณ์พระนามาภิไธยย่อ ส.ธ.,images/items/ธงตราสัญลักษณ์พระนามาภิไธยย่อ ส.ธ. มวง.png,ปกติ,8/2/2025 2:55,8/2/2025 2:55,1,1
195,ธงตราสัญลักษณ์พระนามาภิไธยย่อ ส.ธ.,images/items/ธงตราสัญลักษณ์พระนามาภิไธยย่อ ส.ธ. มวง.png,ปกติ,8/3/2025 2:55,8/3/2025 2:55,1,1
204,ธงตราสัญลักษณ์พระนามาภิไธยย่อ ส.ธ.,images/items/ธงตราสัญลักษณ์พระนามาภิไธยย่อ ส.ธ. มวง.png,ปกติ,8/4/2025 2:55,8/4/2025 2:55,1,1
629,ธงตราสัญลักษณ์พระปรมาภิไธยย่อ ว.ป.ร.,images/items/ธงตราสัญลักษณ์พระปรมาภิไธยย่อ ว.ป.ร. เหลือง.png,ปกติ,8/5/2025 2:55,8/5/2025 2:55,1,1
630,ธงตราสัญลักษณ์พระปรมาภิไธยย่อ ว.ป.ร.,images/items/ธงตราสัญลักษณ์พระปรมาภิไธยย่อ ว.ป.ร. เหลือง.png,ปกติ,8/6/2025 2:55,8/6/2025 2:55,1,1
640,ธงตราสัญลักษณ์พระปรมาภิไธยย่อ ว.ป.ร.,images/items/ธงตราสัญลักษณ์พระปรมาภิไธยย่อ ว.ป.ร. เหลือง.png,ปกติ,8/7/2025 2:55,8/7/2025 2:55,1,1
692,ธงตราสัญลักษณ์พระปรมาภิไธยย่อ ว.ป.ร.,images/items/ธงตราสัญลักษณ์พระปรมาภิไธยย่อ ว.ป.ร. เหลือง.png,ปกติ,8/8/2025 2:55,8/8/2025 2:55,1,1
696,ธงตราสัญลักษณ์พระปรมาภิไธยย่อ ว.ป.ร.,images/items/ธงตราสัญลักษณ์พระปรมาภิไธยย่อ ว.ป.ร. เหลือง.png,ปกติ,8/9/2025 2:55,8/9/2025 2:55,1,1
695,ธงตราสัญลักษณ์พระปรมาภิไธยย่อ ว.ป.ร.,images/items/ธงตราสัญลักษณ์พระปรมาภิไธยย่อ ว.ป.ร. เหลือง.png,ปกติ,8/10/2025 2:55,8/10/2025 2:55,1,1
712,ธงตราสัญลักษณ์พระปรมาภิไธยย่อ ว.ป.ร.,images/items/ธงตราสัญลักษณ์พระปรมาภิไธยย่อ ว.ป.ร. เหลือง.png,ปกติ,8/11/2025 2:55,8/11/2025 2:55,1,1
716,ธงตราสัญลักษณ์พระปรมาภิไธยย่อ ว.ป.ร.,images/items/ธงตราสัญลักษณ์พระปรมาภิไธยย่อ ว.ป.ร. เหลือง.png,ปกติ,8/12/2025 2:55,8/12/2025 2:55,1,1
718,ธงตราสัญลักษณ์พระปรมาภิไธยย่อ ว.ป.ร.,images/items/ธงตราสัญลักษณ์พระปรมาภิไธยย่อ ว.ป.ร. เหลือง.png,ปกติ,8/13/2025 2:55,8/13/2025 2:55,1,1
215,ธงตราสัญลักษณ์พระนามาภิไธยย่อ ส.ธ.,images/items/ธงตราสัญลักษณ์พระนามาภิไธยย่อ ส.ธ. มวง.png,ปกติ,8/14/2025 2:55,8/14/2025 2:55,1,1
218,ธงตราสัญลักษณ์พระนามาภิไธยย่อ ส.ธ.,images/items/ธงตราสัญลักษณ์พระนามาภิไธยย่อ ส.ธ. มวง.png,ปกติ,8/15/2025 2:55,8/15/2025 2:55,1,1
225,ธงตราสัญลักษณ์พระนามาภิไธยย่อ ส.ธ.,images/items/ธงตราสัญลักษณ์พระนามาภิไธยย่อ ส.ธ. มวง.png,ปกติ,8/16/2025 2:55,8/16/2025 2:55,1,1
228,ธงตราสัญลักษณ์พระนามาภิไธยย่อ ส.ธ.,images/items/ธงตราสัญลักษณ์พระนามาภิไธยย่อ ส.ธ. มวง.png,ปกติ,8/17/2025 2:55,8/17/2025 2:55,1,1
227,ธงตราสัญลักษณ์พระนามาภิไธยย่อ ส.ธ.,images/items/ธงตราสัญลักษณ์พระนามาภิไธยย่อ ส.ธ. มวง.png,ปกติ,8/18/2025 2:55,8/18/2025 2:55,1,1
230,ธงตราสัญลักษณ์พระนามาภิไธยย่อ ส.ธ.,images/items/ธงตราสัญลักษณ์พระนามาภิไธยย่อ ส.ธ. มวง.png,ปกติ,8/19/2025 2:55,8/19/2025 2:55,1,1
244,ธงตราสัญลักษณ์พระนามาภิไธยย่อ ส.ธ.,images/items/ธงตราสัญลักษณ์พระนามาภิไธยย่อ ส.ธ. มวง.png,ปกติ,8/20/2025 2:55,8/20/2025 2:55,1,1
576,ธงตราสัญลักษณ์พระปรมาภิไธยย่อ ว.ป.ร.,images/items/ธงตราสัญลักษณ์พระปรมาภิไธยย่อ ว.ป.ร. เหลือง.png,ปกติ,8/21/2025 2:55,8/21/2025 2:55,1,1
205,ธงตราสัญลักษณ์พระนามาภิไธยย่อ ส.ธ.,images/items/ธงตราสัญลักษณ์พระนามาภิไธยย่อ ส.ธ. มวง.png,ปกติ,8/22/2025 2:55,8/22/2025 2:55,1,1
226,ธงตราสัญลักษณ์พระนามาภิไธยย่อ ส.ธ.,images/items/ธงตราสัญลักษณ์พระนามาภิไธยย่อ ส.ธ. มวง.png,ปกติ,8/23/2025 2:55,8/23/2025 2:55,1,1
455,ธงตราสัญลักษณ์พระปรมาภิไธยย่อ ว.ป.ร.,images/items/ธงตราสัญลักษณ์พระปรมาภิไธยย่อ ว.ป.ร. เหลือง.png,ปกติ,8/24/2025 2:55,8/24/2025 2:55,1,1
250,ธงตราสัญลักษณ์พระนามาภิไธยย่อ ส.ธ.,images/items/ธงตราสัญลักษณ์พระนามาภิไธยย่อ ส.ธ. มวง.png,ปกติ,8/25/2025 2:55,8/25/2025 2:55,1,1
459,ธงตราสัญลักษณ์พระปรมาภิไธยย่อ ว.ป.ร.,images/items/ธงตราสัญลักษณ์พระปรมาภิไธยย่อ ว.ป.ร. เหลือง.png,ปกติ,8/26/2025 2:55,8/26/2025 2:55,1,1
651,ธงตราสัญลักษณ์พระปรมาภิไธยย่อ ว.ป.ร.,images/items/ธงตราสัญลักษณ์พระปรมาภิไธยย่อ ว.ป.ร. เหลือง.png,ปกติ,8/27/2025 2:55,8/27/2025 2:55,1,1
727,ธงประดับสัญลักษณ์พระนามาภิไธยย่อ ส.ก. น้ำเงิน,images/items/ธงประดับสัญลักษณ์พระนามาภิไธยย่อ ส.ก. น้ำเงิน.png,ปกติ,8/28/2025 2:55,8/28/2025 2:55,1,1
720,ธงตราสัญลักษณ์พระปรมาภิไธยย่อ ว.ป.ร.,images/items/ธงตราสัญลักษณ์พระปรมาภิไธยย่อ ว.ป.ร. เหลือง.png,ปกติ,8/29/2025 2:55,8/29/2025 2:55,1,1
731,ธงประดับสัญลักษณ์พระนามาภิไธยย่อ ส.ก. น้ำเงิน,images/items/ธงประดับสัญลักษณ์พระนามาภิไธยย่อ ส.ก. น้ำเงิน.png,ปกติ,8/30/2025 2:55,8/30/2025 2:55,1,1
745,ธงประดับสัญลักษณ์พระนามาภิไธยย่อ ส.ก. น้ำเงิน,images/items/ธงประดับสัญลักษณ์พระนามาภิไธยย่อ ส.ก. น้ำเงิน.png,ปกติ,8/31/2025 2:55,8/31/2025 2:55,1,1
744,ธงประดับสัญลักษณ์พระนามาภิไธยย่อ ส.ก. น้ำเงิน,images/items/ธงประดับสัญลักษณ์พระนามาภิไธยย่อ ส.ก. น้ำเงิน.png,ปกติ,9/1/2025 2:55,9/1/2025 2:55,1,1
746,ธงประดับสัญลักษณ์พระนามาภิไธยย่อ ส.ก. น้ำเงิน,images/items/ธงประดับสัญลักษณ์พระนามาภิไธยย่อ ส.ก. น้ำเงิน.png,ปกติ,9/2/2025 2:55,9/2/2025 2:55,1,1
760,ธงประดับสัญลักษณ์พระนามาภิไธยย่อ ส.ก. น้ำเงิน,images/items/ธงประดับสัญลักษณ์พระนามาภิไธยย่อ ส.ก. น้ำเงิน.png,ปกติ,9/3/2025 2:55,9/3/2025 2:55,1,1
40,ธงประดับสัญลักษณ์พระนามาภิไธยย่อ ส.ท. ม่วง,images/items/ธงประดับสัญลักษณ์พระนามาภิไธยย่อ ส.ท. มวง.jpg,ปกติ,9/4/2025 2:55,9/4/2025 2:55,1,1
44,ธงประดับสัญลักษณ์พระนามาภิไธยย่อ ส.ท. ม่วง,images/items/ธงประดับสัญลักษณ์พระนามาภิไธยย่อ ส.ท. มวง.jpg,ปกติ,9/5/2025 2:55,9/5/2025 2:55,1,1
42,ธงประดับสัญลักษณ์พระนามาภิไธยย่อ ส.ท. ม่วง,images/items/ธงประดับสัญลักษณ์พระนามาภิไธยย่อ ส.ท. มวง.jpg,ปกติ,9/6/2025 2:55,9/6/2025 2:55,1,1
160,ธงตราสัญลักษณ์พระนามาภิไธยย่อ ส.ธ.,images/items/ธงตราสัญลักษณ์พระนามาภิไธยย่อ ส.ธ. มวง.png,ปกติ,9/7/2025 2:55,9/7/2025 2:55,1,1
161,ธงตราสัญลักษณ์พระนามาภิไธยย่อ ส.ธ.,images/items/ธงตราสัญลักษณ์พระนามาภิไธยย่อ ส.ธ. มวง.png,ปกติ,9/8/2025 2:55,9/8/2025 2:55,1,1
165,ธงตราสัญลักษณ์พระนามาภิไธยย่อ ส.ธ.,images/items/ธงตราสัญลักษณ์พระนามาภิไธยย่อ ส.ธ. มวง.png,ปกติ,9/9/2025 2:55,9/9/2025 2:55,1,1
262,ธงชาติไทย,images/items/ธงชาติไทย.jpg,ปกติ,9/10/2025 2:55,9/10/2025 2:55,1,1
458,ธงตราสัญลักษณ์พระปรมาภิไธยย่อ ว.ป.ร.,images/items/ธงตราสัญลักษณ์พระปรมาภิไธยย่อ ว.ป.ร. เหลือง.png,ปกติ,9/11/2025 2:55,9/11/2025 2:55,1,1
461,ธงตราสัญลักษณ์พระปรมาภิไธยย่อ ว.ป.ร.,images/items/ธงตราสัญลักษณ์พระปรมาภิไธยย่อ ว.ป.ร. เหลือง.png,ปกติ,9/12/2025 2:55,9/12/2025 2:55,1,1
171,ธงตราสัญลักษณ์พระนามาภิไธยย่อ ส.ธ.,images/items/ธงตราสัญลักษณ์พระนามาภิไธยย่อ ส.ธ. มวง.png,ปกติ,9/13/2025 2:55,9/13/2025 2:55,1,1
650,ธงตราสัญลักษณ์พระปรมาภิไธยย่อ ว.ป.ร.,images/items/ธงตราสัญลักษณ์พระปรมาภิไธยย่อ ว.ป.ร. เหลือง.png,ปกติ,9/14/2025 2:55,9/14/2025 2:55,1,1
646,ธงตราสัญลักษณ์พระปรมาภิไธยย่อ ว.ป.ร.,images/items/ธงตราสัญลักษณ์พระปรมาภิไธยย่อ ว.ป.ร. เหลือง.png,ปกติ,9/15/2025 2:55,9/15/2025 2:55,1,1
761,ธงประดับสัญลักษณ์พระนามาภิไธยย่อ ส.ก. น้ำเงิน,images/items/ธงประดับสัญลักษณ์พระนามาภิไธยย่อ ส.ก. น้ำเงิน.png,ปกติ,9/16/2025 2:55,9/16/2025 2:55,1,1
758,ธงประดับสัญลักษณ์พระนามาภิไธยย่อ ส.ก. น้ำเงิน,images/items/ธงประดับสัญลักษณ์พระนามาภิไธยย่อ ส.ก. น้ำเงิน.png,ปกติ,9/17/2025 2:55,9/17/2025 2:55,1,1
754,ธงประดับสัญลักษณ์พระนามาภิไธยย่อ ส.ก. น้ำเงิน,images/items/ธงประดับสัญลักษณ์พระนามาภิไธยย่อ ส.ก. น้ำเงิน.png,ปกติ,9/18/2025 2:55,9/18/2025 2:55,1,1
753,ธงประดับสัญลักษณ์พระนามาภิไธยย่อ ส.ก. น้ำเงิน,images/items/ธงประดับสัญลักษณ์พระนามาภิไธยย่อ ส.ก. น้ำเงิน.png,ปกติ,9/19/2025 2:55,9/19/2025 2:55,1,1
759,ธงประดับสัญลักษณ์พระนามาภิไธยย่อ ส.ก. น้ำเงิน,images/items/ธงประดับสัญลักษณ์พระนามาภิไธยย่อ ส.ก. น้ำเงิน.png,ปกติ,9/20/2025 2:55,9/20/2025 2:55,1,1
755,ธงประดับสัญลักษณ์พระนามาภิไธยย่อ ส.ก. น้ำเงิน,images/items/ธงประดับสัญลักษณ์พระนามาภิไธยย่อ ส.ก. น้ำเงิน.png,ปกติ,9/21/2025 2:55,9/21/2025 2:55,1,1
13,ธงประดับสัญลักษณ์พระนามาภิไธยย่อ ส.ท. ม่วง,images/items/ธงประดับสัญลักษณ์พระนามาภิไธยย่อ ส.ท. มวง.jpg,ปกติ,9/22/2025 2:55,9/22/2025 2:55,1,1
652,ธงตราสัญลักษณ์พระปรมาภิไธยย่อ ว.ป.ร.,images/items/ธงตราสัญลักษณ์พระปรมาภิไธยย่อ ว.ป.ร. เหลือง.png,ปกติ,9/23/2025 2:55,9/23/2025 2:55,1,1
717,ธงตราสัญลักษณ์พระปรมาภิไธยย่อ ว.ป.ร.,images/items/ธงตราสัญลักษณ์พระปรมาภิไธยย่อ ว.ป.ร. เหลือง.png,ปกติ,9/24/2025 2:55,9/24/2025 2:55,1,1
69,ธงตราสัญลักษณ์พระนามาภิไธยย่อ ส.ธ.,images/items/ธงตราสัญลักษณ์พระนามาภิไธยย่อ ส.ธ. มวง.png,ปกติ,9/25/2025 2:55,9/25/2025 2:55,1,1
757,ธงประดับสัญลักษณ์พระนามาภิไธยย่อ ส.ก. น้ำเงิน,images/items/ธงประดับสัญลักษณ์พระนามาภิไธยย่อ ส.ก. น้ำเงิน.png,ปกติ,9/26/2025 2:55,9/26/2025 2:55,1,1
68,ธงตราสัญลักษณ์พระนามาภิไธยย่อ ส.ธ.,images/items/ธงตราสัญลักษณ์พระนามาภิไธยย่อ ส.ธ. มวง.png,ปกติ,9/27/2025 2:55,9/27/2025 2:55,1,1
74,ธงตราสัญลักษณ์พระนามาภิไธยย่อ ส.ธ.,images/items/ธงตราสัญลักษณ์พระนามาภิไธยย่อ ส.ธ. มวง.png,ปกติ,9/28/2025 2:55,9/28/2025 2:55,1,1
81,ธงตราสัญลักษณ์พระนามาภิไธยย่อ ส.ธ.,images/items/ธงตราสัญลักษณ์พระนามาภิไธยย่อ ส.ธ. มวง.png,ปกติ,9/29/2025 2:55,9/29/2025 2:55,1,1
88,ธงตราสัญลักษณ์พระนามาภิไธยย่อ ส.ธ.,images/items/ธงตราสัญลักษณ์พระนามาภิไธยย่อ ส.ธ. มวง.png,ปกติ,9/30/2025 2:55,9/30/2025 2:55,1,1
91,ธงตราสัญลักษณ์พระนามาภิไธยย่อ ส.ธ.,images/items/ธงตราสัญลักษณ์พระนามาภิไธยย่อ ส.ธ. มวง.png,ปกติ,10/1/2025 2:55,10/1/2025 2:55,1,1
282,ธงชาติไทย,images/items/ธงชาติไทย.jpg,ปกติ,10/2/2025 2:55,10/2/2025 2:55,1,1
358,ธงชาติไทย,images/items/ธงชาติไทย.jpg,ปกติ,10/3/2025 2:55,10/3/2025 2:55,1,1
385,ธงชาติไทย,images/items/ธงชาติไทย.jpg,ปกติ,10/4/2025 2:55,10/4/2025 2:55,1,1
432,ธงชาติไทย,images/items/ธงชาติไทย.jpg,ปกติ,10/5/2025 2:55,10/5/2025 2:55,1,1
436,ธงชาติไทย,images/items/ธงชาติไทย.jpg,ปกติ,10/6/2025 2:55,10/6/2025 2:55,1,1
434,ธงชาติไทย,images/items/ธงชาติไทย.jpg,ปกติ,10/7/2025 2:55,10/7/2025 2:55,1,1
478,ธงตราสัญลักษณ์พระปรมาภิไธยย่อ ว.ป.ร.,images/items/ธงตราสัญลักษณ์พระปรมาภิไธยย่อ ว.ป.ร. เหลือง.png,ปกติ,10/8/2025 2:55,10/8/2025 2:55,1,1
474,ธงตราสัญลักษณ์พระปรมาภิไธยย่อ ว.ป.ร.,images/items/ธงตราสัญลักษณ์พระปรมาภิไธยย่อ ว.ป.ร. เหลือง.png,ปกติ,10/9/2025 2:55,10/9/2025 2:55,1,1
148,ธงตราสัญลักษณ์พระนามาภิไธยย่อ ส.ธ.,images/items/ธงตราสัญลักษณ์พระนามาภิไธยย่อ ส.ธ. มวง.png,ปกติ,10/10/2025 2:55,10/10/2025 2:55,1,1
182,ธงตราสัญลักษณ์พระนามาภิไธยย่อ ส.ธ.,images/items/ธงตราสัญลักษณ์พระนามาภิไธยย่อ ส.ธ. มวง.png,ปกติ,10/11/2025 2:55,10/11/2025 2:55,1,1
229,ธงตราสัญลักษณ์พระนามาภิไธยย่อ ส.ธ.,images/items/ธงตราสัญลักษณ์พระนามาภิไธยย่อ ส.ธ. มวง.png,ปกติ,10/12/2025 2:55,10/12/2025 2:55,1,1
231,ธงตราสัญลักษณ์พระนามาภิไธยย่อ ส.ธ.,images/items/ธงตราสัญลักษณ์พระนามาภิไธยย่อ ส.ธ. มวง.png,ปกติ,10/13/2025 2:55,10/13/2025 2:55,1,1
469,ธงตราสัญลักษณ์พระปรมาภิไธยย่อ ว.ป.ร.,images/items/ธงตราสัญลักษณ์พระปรมาภิไธยย่อ ว.ป.ร. เหลือง.png,ปกติ,10/14/2025 2:55,10/14/2025 2:55,1,1
288,ธงชาติไทย,images/items/ธงชาติไทย.jpg,ปกติ,10/15/2025 2:55,10/15/2025 2:55,1,1
286,ธงชาติไทย,images/items/ธงชาติไทย.jpg,ปกติ,10/16/2025 2:55,10/16/2025 2:55,1,1
306,ธงชาติไทย,images/items/ธงชาติไทย.jpg,ปกติ,10/17/2025 2:55,10/17/2025 2:55,1,1
310,ธงชาติไทย,images/items/ธงชาติไทย.jpg,ปกติ,10/18/2025 2:55,10/18/2025 2:55,1,1
313,ธงชาติไทย,images/items/ธงชาติไทย.jpg,ปกติ,10/19/2025 2:55,10/19/2025 2:55,1,1
311,ธงชาติไทย,images/items/ธงชาติไทย.jpg,ปกติ,10/20/2025 2:55,10/20/2025 2:55,1,1
312,ธงชาติไทย,images/items/ธงชาติไทย.jpg,ปกติ,10/21/2025 2:55,10/21/2025 2:55,1,1
307,ธงชาติไทย,images/items/ธงชาติไทย.jpg,ปกติ,10/22/2025 2:55,10/22/2025 2:55,1,1
309,ธงชาติไทย,images/items/ธงชาติไทย.jpg,ปกติ,10/23/2025 2:55,10/23/2025 2:55,1,1
383,ธงชาติไทย,images/items/ธงชาติไทย.jpg,ปกติ,10/24/2025 2:55,10/24/2025 2:55,1,1
303,ธงชาติไทย,images/items/ธงชาติไทย.jpg,ปกติ,10/25/2025 2:55,10/25/2025 2:55,1,1
212,ธงตราสัญลักษณ์พระนามาภิไธยย่อ ส.ธ.,images/items/ธงตราสัญลักษณ์พระนามาภิไธยย่อ ส.ธ. มวง.png,ปกติ,10/26/2025 2:55,10/26/2025 2:55,1,1
211,ธงตราสัญลักษณ์พระนามาภิไธยย่อ ส.ธ.,images/items/ธงตราสัญลักษณ์พระนามาภิไธยย่อ ส.ธ. มวง.png,ปกติ,10/27/2025 2:55,10/27/2025 2:55,1,1
267,ธงชาติไทย,images/items/ธงชาติไทย.jpg,ปกติ,10/28/2025 2:55,10/28/2025 2:55,1,1
378,ธงชาติไทย,images/items/ธงชาติไทย.jpg,ปกติ,10/29/2025 2:55,10/29/2025 2:55,1,1
377,ธงชาติไทย,images/items/ธงชาติไทย.jpg,ปกติ,10/30/2025 2:55,10/30/2025 2:55,1,1
384,ธงชาติไทย,images/items/ธงชาติไทย.jpg,ปกติ,10/31/2025 2:55,10/31/2025 2:55,1,1
417,ธงชาติไทย,images/items/ธงชาติไทย.jpg,ปกติ,11/1/2025 2:55,11/1/2025 2:55,1,1
419,ธงชาติไทย,images/items/ธงชาติไทย.jpg,ปกติ,11/2/2025 2:55,11/2/2025 2:55,1,1
420,ธงชาติไทย,images/items/ธงชาติไทย.jpg,ปกติ,11/3/2025 2:55,11/3/2025 2:55,1,1
418,ธงชาติไทย,images/items/ธงชาติไทย.jpg,ปกติ,11/4/2025 2:55,11/4/2025 2:55,1,1
421,ธงชาติไทย,images/items/ธงชาติไทย.jpg,ปกติ,11/5/2025 2:55,11/5/2025 2:55,1,1
156,ธงตราสัญลักษณ์พระนามาภิไธยย่อ ส.ธ.,images/items/ธงตราสัญลักษณ์พระนามาภิไธยย่อ ส.ธ. มวง.png,ปกติ,11/6/2025 2:55,11/6/2025 2:55,1,1
357,ธงชาติไทย,images/items/ธงชาติไทย.jpg,ปกติ,11/7/2025 2:55,11/7/2025 2:55,1,1
233,ธงตราสัญลักษณ์พระนามาภิไธยย่อ ส.ธ.,images/items/ธงตราสัญลักษณ์พระนามาภิไธยย่อ ส.ธ. มวง.png,ปกติ,11/8/2025 2:55,11/8/2025 2:55,1,1
793,ธงสกรีนคณะศิลปกรรมศาสตร์,images/items/ธงสกรีนคณะศิลปกรรมศาสตร์.jpg,ปกติ,11/9/2025 2:55,11/9/2025 2:55,2,1
794,ธงสกรีนคณะศิลปกรรมศาสตร์,images/items/ธงสกรีนคณะศิลปกรรมศาสตร์.jpg,ปกติ,11/10/2025 2:55,11/10/2025 2:55,2,1
795,ธงสกรีนคณะศิลปกรรมศาสตร์,images/items/ธงสกรีนคณะศิลปกรรมศาสตร์.jpg,ปกติ,11/11/2025 2:55,11/11/2025 2:55,2,1
796,ธงสกรีนคณะศิลปกรรมศาสตร์,images/items/ธงสกรีนคณะศิลปกรรมศาสตร์.jpg,ปกติ,11/12/2025 2:55,11/12/2025 2:55,2,1
799,ธงสกรีนคณะครุศาสตร์อุตสาหกรรม,images/items/ธงสกรีนคณะครุศาสตร์อุตสาหกรรม.jpg,ปกติ,11/13/2025 2:55,11/13/2025 2:55,2,1
800,ธงสกรีนคณะครุศาสตร์อุตสาหกรรม,images/items/ธงสกรีนคณะครุศาสตร์อุตสาหกรรม.jpg,ปกติ,11/14/2025 2:55,11/14/2025 2:55,2,1
803,ธงสกรีนวิทยาลัยการแพทย์แผนไทย,images/items/ธงสกรีนวิทยาลัยการแพทย์แผนไทย.jpg,ปกติ,11/15/2025 2:55,11/15/2025 2:55,2,1
943,หีบเลือกตั้ง,images/items/หีบเลือกตั้ง.jpg,ปกติ,11/16/2025 2:55,11/16/2025 2:55,2,5
234,ธงตราสัญลักษณ์พระนามาภิไธยย่อ ส.ธ.,images/items/ธงตราสัญลักษณ์พระนามาภิไธยย่อ ส.ธ. มวง.png,ปกติ,11/17/2025 2:55,11/17/2025 2:55,1,1
237,ธงตราสัญลักษณ์พระนามาภิไธยย่อ ส.ธ.,images/items/ธงตราสัญลักษณ์พระนามาภิไธยย่อ ส.ธ. มวง.png,ปกติ,11/18/2025 2:55,11/18/2025 2:55,1,1
238,ธงตราสัญลักษณ์พระนามาภิไธยย่อ ส.ธ.,images/items/ธงตราสัญลักษณ์พระนามาภิไธยย่อ ส.ธ. มวง.png,ปกติ,11/19/2025 2:55,11/19/2025 2:55,1,1
239,ธงตราสัญลักษณ์พระนามาภิไธยย่อ ส.ธ.,images/items/ธงตราสัญลักษณ์พระนามาภิไธยย่อ ส.ธ. มวง.png,ปกติ,11/20/2025 2:55,11/20/2025 2:55,1,1
546,ธงตราสัญลักษณ์พระปรมาภิไธยย่อ ว.ป.ร.,images/items/ธงตราสัญลักษณ์พระปรมาภิไธยย่อ ว.ป.ร. เหลือง.png,ปกติ,11/21/2025 2:55,11/21/2025 2:55,1,1
612,ธงตราสัญลักษณ์พระปรมาภิไธยย่อ ว.ป.ร.,images/items/ธงตราสัญลักษณ์พระปรมาภิไธยย่อ ว.ป.ร. เหลือง.png,ปกติ,11/22/2025 2:55,11/22/2025 2:55,1,1
620,ธงตราสัญลักษณ์พระปรมาภิไธยย่อ ว.ป.ร.,images/items/ธงตราสัญลักษณ์พระปรมาภิไธยย่อ ว.ป.ร. เหลือง.png,ปกติ,11/23/2025 2:55,11/23/2025 2:55,1,1
804,ธงสกรีนวิทยาลัยการแพทย์แผนไทย,images/items/ธงสกรีนวิทยาลัยการแพทย์แผนไทย.jpg,ปกติ,11/24/2025 2:55,11/24/2025 2:55,2,1
807,ธงสกรีนคณะวิทยาศาสตร์และเทคโนโลยี,images/items/ธงสกรีนคณะวิทยาศาสตร์และเทคโนโลยี.jpg,ปกติ,11/25/2025 2:55,11/25/2025 2:55,2,1
808,ธงสกรีนคณะวิทยาศาสตร์และเทคโนโลยี,images/items/ธงสกรีนคณะวิทยาศาสตร์และเทคโนโลยี.jpg,ปกติ,11/26/2025 2:55,11/26/2025 2:55,2,1
809,ธงสกรีนคณะวิทยาศาสตร์และเทคโนโลยี,images/items/ธงสกรีนคณะวิทยาศาสตร์และเทคโนโลยี.jpg,ปกติ,11/27/2025 2:55,11/27/2025 2:55,2,1
813,ธงสกรีนคณะเทคโนโลยีสื่อสารมวลชน,images/items/ธงสกรีนคณะเทคโนโลยีสื่อสารมวลชน.jpg,ปกติ,11/28/2025 2:55,11/28/2025 2:55,2,1
814,ธงสกรีนคณะเทคโนโลยีสื่อสารมวลชน,images/items/ธงสกรีนคณะเทคโนโลยีสื่อสารมวลชน.jpg,ปกติ,11/29/2025 2:55,11/29/2025 2:55,2,1
819,ธงสกรีนคณะวิศวกรรมศาสตร์,images/items/ธงสกรีนคณะวิศวกรรมศาสตร์.jpg,ปกติ,11/30/2025 2:55,11/30/2025 2:55,2,1
822,ธงสกรีนคณะสถาปัตยกรรมศาสตร์,images/items/ธงสกรีนคณะสถาปัตยกรรมศาสตร์.jpg,ปกติ,12/1/2025 2:55,12/1/2025 2:55,2,1
823,ธงสกรีนคณะสถาปัตยกรรมศาสตร์,images/items/ธงสกรีนคณะสถาปัตยกรรมศาสตร์.jpg,ปกติ,12/2/2025 2:55,12/2/2025 2:55,2,1
824,ธงสกรีนคณะสถาปัตยกรรมศาสตร์,images/items/ธงสกรีนคณะสถาปัตยกรรมศาสตร์.jpg,ปกติ,12/3/2025 2:55,12/3/2025 2:55,2,1
828,ธงสกรีนคณะเทคโนโลยีการเกษตร,images/items/ธงสกรีนคณะเทคโนโลยีการเกษตร.jpg,ปกติ,12/4/2025 2:55,12/4/2025 2:55,2,1
829,ธงสกรีนคณะเทคโนโลยีการเกษตร,images/items/ธงสกรีนคณะเทคโนโลยีการเกษตร.jpg,ปกติ,12/5/2025 2:55,12/5/2025 2:55,2,1
833,ธงสกรีนคณะเทคโนโลคหกรรมศาสตร์,images/items/ธงสกรีนคณะเทคโนโลคหกรรมศาสตร์.jpg,ปกติ,12/6/2025 2:55,12/6/2025 2:55,2,1
834,ธงสกรีนคณะเทคโนโลคหกรรมศาสตร์,images/items/ธงสกรีนคณะเทคโนโลคหกรรมศาสตร์.jpg,ปกติ,12/7/2025 2:55,12/7/2025 2:55,2,1
839,ธงสกรีนคณะศิลปศาสตร์,images/items/ธงสกรีนคณะศิลปศาสตร์.jpg,ปกติ,12/8/2025 2:55,12/8/2025 2:55,2,1
910,เก้าอี้หลุย,images/items/เก้าอี้หลุย.jpg,หาย,12/9/2025 2:55,12/9/2025 2:55,2,3
911,เก้าอี้หลุย,images/items/เก้าอี้หลุย.jpg,หาย,12/10/2025 2:55,12/10/2025 2:55,2,3
912,เก้าอี้หลุย,images/items/เก้าอี้หลุย.jpg,หาย,12/11/2025 2:55,12/11/2025 2:55,2,3
913,เก้าอี้หลุย,images/items/เก้าอี้หลุย.jpg,ปกติ,12/12/2025 2:55,12/12/2025 2:55,2,3
914,เก้าอี้หลุย,images/items/เก้าอี้หลุย.jpg,ปกติ,12/13/2025 2:55,12/13/2025 2:55,2,3
922,โต๊ะเคียงเก้าอี้หลุย,images/items/โต๊ะเคียงเก้าอี้หลุย.jpg,ปกติ,12/14/2025 2:55,12/14/2025 2:55,2,4
923,โต๊ะเคียงเก้าอี้หลุย,images/items/โต๊ะเคียงเก้าอี้หลุย.jpg,ปกติ,12/15/2025 2:55,12/15/2025 2:55,2,4
927,หีบเลือกตั้ง,images/items/หีบเลือกตั้ง.jpg,ปกติ,12/16/2025 2:55,12/16/2025 2:55,2,5
928,หีบเลือกตั้ง,images/items/หีบเลือกตั้ง.jpg,ปกติ,12/17/2025 2:55,12/17/2025 2:55,2,5
929,หีบเลือกตั้ง,images/items/หีบเลือกตั้ง.jpg,ปกติ,12/18/2025 2:55,12/18/2025 2:55,2,5
930,หีบเลือกตั้ง,images/items/หีบเลือกตั้ง.jpg,ปกติ,12/19/2025 2:55,12/19/2025 2:55,2,5
931,หีบเลือกตั้ง,images/items/หีบเลือกตั้ง.jpg,ปกติ,12/20/2025 2:55,12/20/2025 2:55,2,5
932,หีบเลือกตั้ง,images/items/หีบเลือกตั้ง.jpg,ปกติ,12/21/2025 2:55,12/21/2025 2:55,2,5
933,หีบเลือกตั้ง,images/items/หีบเลือกตั้ง.jpg,ปกติ,12/22/2025 2:55,12/22/2025 2:55,2,5
934,หีบเลือกตั้ง,images/items/หีบเลือกตั้ง.jpg,ปกติ,12/23/2025 2:55,12/23/2025 2:55,2,5
935,หีบเลือกตั้ง,images/items/หีบเลือกตั้ง.jpg,ปกติ,12/24/2025 2:55,12/24/2025 2:55,2,5
936,หีบเลือกตั้ง,images/items/หีบเลือกตั้ง.jpg,ปกติ,12/25/2025 2:55,12/25/2025 2:55,2,5
937,หีบเลือกตั้ง,images/items/หีบเลือกตั้ง.jpg,ปกติ,12/26/2025 2:55,12/26/2025 2:55,2,5
938,หีบเลือกตั้ง,images/items/หีบเลือกตั้ง.jpg,ปกติ,12/27/2025 2:55,12/27/2025 2:55,2,5
939,หีบเลือกตั้ง,images/items/หีบเลือกตั้ง.jpg,ปกติ,12/28/2025 2:55,12/28/2025 2:55,2,5
940,หีบเลือกตั้ง,images/items/หีบเลือกตั้ง.jpg,ปกติ,12/29/2025 2:55,12/29/2025 2:55,2,5
941,หีบเลือกตั้ง,images/items/หีบเลือกตั้ง.jpg,ปกติ,12/30/2025 2:55,12/30/2025 2:55,2,5
942,หีบเลือกตั้ง,images/items/หีบเลือกตั้ง.jpg,ปกติ,12/31/2025 2:55,12/31/2025 2:55,2,5
944,หีบเลือกตั้ง,images/items/หีบเลือกตั้ง.jpg,ปกติ,1/1/2026 2:55,1/1/2026 2:55,2,5
945,หีบเลือกตั้ง,images/items/หีบเลือกตั้ง.jpg,ปกติ,1/2/2026 2:55,1/2/2026 2:55,2,5
946,หีบเลือกตั้ง,images/items/หีบเลือกตั้ง.jpg,ปกติ,1/3/2026 2:55,1/3/2026 2:55,2,5
947,หีบเลือกตั้ง,images/items/หีบเลือกตั้ง.jpg,ปกติ,1/4/2026 2:55,1/4/2026 2:55,2,5
948,หีบเลือกตั้ง,images/items/หีบเลือกตั้ง.jpg,ปกติ,1/5/2026 2:55,1/5/2026 2:55,2,5
949,หีบเลือกตั้ง,images/items/หีบเลือกตั้ง.jpg,ปกติ,1/6/2026 2:55,1/6/2026 2:55,2,5
950,หีบเลือกตั้ง,images/items/หีบเลือกตั้ง.jpg,ปกติ,1/7/2026 2:55,1/7/2026 2:55,2,5
951,หีบเลือกตั้ง,images/items/หีบเลือกตั้ง.jpg,ปกติ,1/8/2026 2:55,1/8/2026 2:55,2,5
952,หีบเลือกตั้ง,images/items/หีบเลือกตั้ง.jpg,ปกติ,1/9/2026 2:55,1/9/2026 2:55,2,5
953,หีบเลือกตั้ง,images/items/หีบเลือกตั้ง.jpg,ปกติ,1/10/2026 2:55,1/10/2026 2:55,2,5
954,หีบเลือกตั้ง,images/items/หีบเลือกตั้ง.jpg,ปกติ,1/11/2026 2:55,1/11/2026 2:55,2,5
955,หีบเลือกตั้ง,images/items/หีบเลือกตั้ง.jpg,ปกติ,1/12/2026 2:55,1/12/2026 2:55,2,5
956,หีบเลือกตั้ง,images/items/หีบเลือกตั้ง.jpg,ปกติ,1/13/2026 2:55,1/13/2026 2:55,2,5
957,หีบเลือกตั้ง,images/items/หีบเลือกตั้ง.jpg,ปกติ,1/14/2026 2:55,1/14/2026 2:55,2,5
958,หีบเลือกตั้ง,images/items/หีบเลือกตั้ง.jpg,ปกติ,1/15/2026 2:55,1/15/2026 2:55,2,5
959,หีบเลือกตั้ง,images/items/หีบเลือกตั้ง.jpg,ปกติ,1/16/2026 2:55,1/16/2026 2:55,2,5
960,หีบเลือกตั้ง,images/items/หีบเลือกตั้ง.jpg,ปกติ,1/17/2026 2:55,1/17/2026 2:55,2,5
961,หีบเลือกตั้ง,images/items/หีบเลือกตั้ง.jpg,ปกติ,1/18/2026 2:55,1/18/2026 2:55,2,5
962,หีบเลือกตั้ง,images/items/หีบเลือกตั้ง.jpg,ปกติ,1/19/2026 2:55,1/19/2026 2:55,2,5
963,หีบเลือกตั้ง,images/items/หีบเลือกตั้ง.jpg,ปกติ,1/20/2026 2:55,1/20/2026 2:55,2,5
964,หีบเลือกตั้ง,images/items/หีบเลือกตั้ง.jpg,ปกติ,1/21/2026 2:55,1/21/2026 2:55,2,5
965,หีบเลือกตั้ง,images/items/หีบเลือกตั้ง.jpg,ปกติ,1/22/2026 2:55,1/22/2026 2:55,2,5
966,หีบเลือกตั้ง,images/items/หีบเลือกตั้ง.jpg,ปกติ,1/23/2026 2:55,1/23/2026 2:55,2,5
967,หีบเลือกตั้ง,images/items/หีบเลือกตั้ง.jpg,ปกติ,1/24/2026 2:55,1/24/2026 2:55,2,5
968,หีบเลือกตั้ง,images/items/หีบเลือกตั้ง.jpg,ปกติ,1/25/2026 2:55,1/25/2026 2:55,2,5
969,หีบเลือกตั้ง,images/items/หีบเลือกตั้ง.jpg,ปกติ,1/26/2026 2:55,1/26/2026 2:55,2,5
970,หีบเลือกตั้ง,images/items/หีบเลือกตั้ง.jpg,ปกติ,1/27/2026 2:55,1/27/2026 2:55,2,5
971,หีบเลือกตั้ง,images/items/หีบเลือกตั้ง.jpg,ปกติ,1/28/2026 2:55,1/28/2026 2:55,2,5
972,หีบเลือกตั้ง,images/items/หีบเลือกตั้ง.jpg,ปกติ,1/29/2026 2:55,1/29/2026 2:55,2,5
973,หีบเลือกตั้ง,images/items/หีบเลือกตั้ง.jpg,ปกติ,1/30/2026 2:55,1/30/2026 2:55,2,5
423,ธงชาติไทย,images/items/ธงชาติไทย.jpg,ปกติ,1/31/2026 2:55,1/31/2026 2:55,1,1
424,ธงชาติไทย,images/items/ธงชาติไทย.jpg,ปกติ,2/1/2026 2:55,2/1/2026 2:55,1,1
435,ธงชาติไทย,images/items/ธงชาติไทย.jpg,ปกติ,2/2/2026 2:55,2/2/2026 2:55,1,1
437,ธงชาติไทย,images/items/ธงชาติไทย.jpg,ปกติ,2/3/2026 2:55,2/3/2026 2:55,1,1
449,ธงชาติไทย,images/items/ธงชาติไทย.jpg,ปกติ,2/4/2026 2:55,2/4/2026 2:55,1,1
450,ธงชาติไทย,images/items/ธงชาติไทย.jpg,ปกติ,2/5/2026 2:55,2/5/2026 2:55,1,1
433,ธงชาติไทย,images/items/ธงชาติไทย.jpg,ปกติ,2/6/2026 2:55,2/6/2026 2:55,1,1
36,ธงประดับสัญลักษณ์พระนามาภิไธยย่อ ส.ท. ม่วง,images/items/ธงประดับสัญลักษณ์พระนามาภิไธยย่อ ส.ท. มวง.jpg,ปกติ,2/7/2026 2:55,2/7/2026 2:55,1,1
979,คูหาเลือกตั้ง,images/items/คูหาเลือกตั้ง.jpg,ปกติ,2/8/2026 2:55,2/8/2026 2:55,2,6
980,คูหาเลือกตั้ง,images/items/คูหาเลือกตั้ง.jpg,ปกติ,2/9/2026 2:55,2/9/2026 2:55,2,6
981,คูหาเลือกตั้ง,images/items/คูหาเลือกตั้ง.jpg,ปกติ,2/10/2026 2:55,2/10/2026 2:55,2,6
982,คูหาเลือกตั้ง,images/items/คูหาเลือกตั้ง.jpg,ปกติ,2/11/2026 2:55,2/11/2026 2:55,2,6
983,คูหาเลือกตั้ง,images/items/คูหาเลือกตั้ง.jpg,ปกติ,2/12/2026 2:55,2/12/2026 2:55,2,6
984,คูหาเลือกตั้ง,images/items/คูหาเลือกตั้ง.jpg,ปกติ,2/13/2026 2:55,2/13/2026 2:55,2,6
985,คูหาเลือกตั้ง,images/items/คูหาเลือกตั้ง.jpg,ปกติ,2/14/2026 2:55,2/14/2026 2:55,2,6
986,คูหาเลือกตั้ง,images/items/คูหาเลือกตั้ง.jpg,ปกติ,2/15/2026 2:55,2/15/2026 2:55,2,6
987,คูหาเลือกตั้ง,images/items/คูหาเลือกตั้ง.jpg,ปกติ,2/16/2026 2:55,2/16/2026 2:55,2,6
988,คูหาเลือกตั้ง,images/items/คูหาเลือกตั้ง.jpg,ปกติ,2/17/2026 2:55,2/17/2026 2:55,2,6
989,คูหาเลือกตั้ง,images/items/คูหาเลือกตั้ง.jpg,ปกติ,2/18/2026 2:55,2/18/2026 2:55,2,6
990,คูหาเลือกตั้ง,images/items/คูหาเลือกตั้ง.jpg,ปกติ,2/19/2026 2:55,2/19/2026 2:55,2,6
991,คูหาเลือกตั้ง,images/items/คูหาเลือกตั้ง.jpg,ปกติ,2/20/2026 2:55,2/20/2026 2:55,2,6
992,คูหาเลือกตั้ง,images/items/คูหาเลือกตั้ง.jpg,ปกติ,2/21/2026 2:55,2/21/2026 2:55,2,6
993,คูหาเลือกตั้ง,images/items/คูหาเลือกตั้ง.jpg,ปกติ,2/22/2026 2:55,2/22/2026 2:55,2,6
994,คูหาเลือกตั้ง,images/items/คูหาเลือกตั้ง.jpg,ปกติ,2/23/2026 2:55,2/23/2026 2:55,2,6
995,คูหาเลือกตั้ง,images/items/คูหาเลือกตั้ง.jpg,ปกติ,2/24/2026 2:55,2/24/2026 2:55,2,6
996,คูหาเลือกตั้ง,images/items/คูหาเลือกตั้ง.jpg,ปกติ,2/25/2026 2:55,2/25/2026 2:55,2,6
997,คูหาเลือกตั้ง,images/items/คูหาเลือกตั้ง.jpg,ปกติ,2/26/2026 2:55,2/26/2026 2:55,2,6
998,คูหาเลือกตั้ง,images/items/คูหาเลือกตั้ง.jpg,ปกติ,2/27/2026 2:55,2/27/2026 2:55,2,6
1000,คูหาเลือกตั้ง,images/items/คูหาเลือกตั้ง.jpg,ปกติ,2/28/2026 2:55,2/28/2026 2:55,2,6
1001,คูหาเลือกตั้ง,images/items/คูหาเลือกตั้ง.jpg,ปกติ,3/1/2026 2:55,3/1/2026 2:55,2,6
1002,คูหาเลือกตั้ง,images/items/คูหาเลือกตั้ง.jpg,ปกติ,3/2/2026 2:55,3/2/2026 2:55,2,6
1003,คูหาเลือกตั้ง,images/items/คูหาเลือกตั้ง.jpg,ปกติ,3/3/2026 2:55,3/3/2026 2:55,2,6
1004,คูหาเลือกตั้ง,images/items/คูหาเลือกตั้ง.jpg,ปกติ,3/4/2026 2:55,3/4/2026 2:55,2,6
1005,คูหาเลือกตั้ง,images/items/คูหาเลือกตั้ง.jpg,ปกติ,3/5/2026 2:55,3/5/2026 2:55,2,6
1006,คูหาเลือกตั้ง,images/items/คูหาเลือกตั้ง.jpg,ปกติ,3/6/2026 2:55,3/6/2026 2:55,2,6
1007,คูหาเลือกตั้ง,images/items/คูหาเลือกตั้ง.jpg,ปกติ,3/7/2026 2:55,3/7/2026 2:55,2,6
1008,คูหาเลือกตั้ง,images/items/คูหาเลือกตั้ง.jpg,ปกติ,3/8/2026 2:55,3/8/2026 2:55,2,6
1009,คูหาเลือกตั้ง,images/items/คูหาเลือกตั้ง.jpg,ปกติ,3/9/2026 2:55,3/9/2026 2:55,2,6
1010,คูหาเลือกตั้ง,images/items/คูหาเลือกตั้ง.jpg,ปกติ,3/10/2026 2:55,3/10/2026 2:55,2,6
1011,คูหาเลือกตั้ง,images/items/คูหาเลือกตั้ง.jpg,ปกติ,3/11/2026 2:55,3/11/2026 2:55,2,6
1012,คูหาเลือกตั้ง,images/items/คูหาเลือกตั้ง.jpg,ปกติ,3/12/2026 2:55,3/12/2026 2:55,2,6
1013,คูหาเลือกตั้ง,images/items/คูหาเลือกตั้ง.jpg,ปกติ,3/13/2026 2:55,3/13/2026 2:55,2,6
1014,คูหาเลือกตั้ง,images/items/คูหาเลือกตั้ง.jpg,ปกติ,3/14/2026 2:55,3/14/2026 2:55,2,6
1015,คูหาเลือกตั้ง,images/items/คูหาเลือกตั้ง.jpg,ปกติ,3/15/2026 2:55,3/15/2026 2:55,2,6
1016,คูหาเลือกตั้ง,images/items/คูหาเลือกตั้ง.jpg,ปกติ,3/16/2026 2:55,3/16/2026 2:55,2,6
1017,คูหาเลือกตั้ง,images/items/คูหาเลือกตั้ง.jpg,ปกติ,3/17/2026 2:55,3/17/2026 2:55,2,6
1018,คูหาเลือกตั้ง,images/items/คูหาเลือกตั้ง.jpg,ปกติ,3/18/2026 2:55,3/18/2026 2:55,2,6
1019,คูหาเลือกตั้ง,images/items/คูหาเลือกตั้ง.jpg,ปกติ,3/19/2026 2:55,3/19/2026 2:55,2,6
1020,คูหาเลือกตั้ง,images/items/คูหาเลือกตั้ง.jpg,ปกติ,3/20/2026 2:55,3/20/2026 2:55,2,6
1021,คูหาเลือกตั้ง,images/items/คูหาเลือกตั้ง.jpg,ปกติ,3/21/2026 2:55,3/21/2026 2:55,2,6
1022,คูหาเลือกตั้ง,images/items/คูหาเลือกตั้ง.jpg,ปกติ,3/22/2026 2:55,3/22/2026 2:55,2,6
1023,คูหาเลือกตั้ง,images/items/คูหาเลือกตั้ง.jpg,ปกติ,3/23/2026 2:55,3/23/2026 2:55,2,6
1024,คูหาเลือกตั้ง,images/items/คูหาเลือกตั้ง.jpg,ปกติ,3/24/2026 2:55,3/24/2026 2:55,2,6
1025,คูหาเลือกตั้ง,images/items/คูหาเลือกตั้ง.jpg,ปกติ,3/25/2026 2:55,3/25/2026 2:55,2,6
1026,คูหาเลือกตั้ง,images/items/คูหาเลือกตั้ง.jpg,ปกติ,3/26/2026 2:55,3/26/2026 2:55,2,6
1027,คูหาเลือกตั้ง,images/items/คูหาเลือกตั้ง.jpg,ปกติ,3/27/2026 2:55,3/27/2026 2:55,2,6
1028,คูหาเลือกตั้ง,images/items/คูหาเลือกตั้ง.jpg,ปกติ,3/28/2026 2:55,3/28/2026 2:55,2,6
1029,คูหาเลือกตั้ง,images/items/คูหาเลือกตั้ง.jpg,ปกติ,3/29/2026 2:55,3/29/2026 2:55,2,6
1030,คูหาเลือกตั้ง,images/items/คูหาเลือกตั้ง.jpg,ปกติ,3/30/2026 2:55,3/30/2026 2:55,2,6
1031,คูหาเลือกตั้ง,images/items/คูหาเลือกตั้ง.jpg,ปกติ,3/31/2026 2:55,3/31/2026 2:55,2,6
1032,คูหาเลือกตั้ง,images/items/คูหาเลือกตั้ง.jpg,ปกติ,4/1/2026 2:55,4/1/2026 2:55,2,6
1033,คูหาเลือกตั้ง,images/items/คูหาเลือกตั้ง.jpg,ปกติ,4/2/2026 2:55,4/2/2026 2:55,2,6
425,ธงชาติไทย,images/items/ธงชาติไทย.jpg,ปกติ,4/3/2026 2:55,4/3/2026 2:55,1,1
94,ธงตราสัญลักษณ์พระนามาภิไธยย่อ ส.ธ.,images/items/ธงตราสัญลักษณ์พระนามาภิไธยย่อ ส.ธ. มวง.png,ปกติ,4/4/2026 2:55,4/4/2026 2:55,1,1
95,ธงตราสัญลักษณ์พระนามาภิไธยย่อ ส.ธ.,images/items/ธงตราสัญลักษณ์พระนามาภิไธยย่อ ส.ธ. มวง.png,ปกติ,4/5/2026 2:55,4/5/2026 2:55,1,1
162,ธงตราสัญลักษณ์พระนามาภิไธยย่อ ส.ธ.,images/items/ธงตราสัญลักษณ์พระนามาภิไธยย่อ ส.ธ. มวง.png,ปกติ,4/6/2026 2:55,4/6/2026 2:55,1,1
201,ธงตราสัญลักษณ์พระนามาภิไธยย่อ ส.ธ.,images/items/ธงตราสัญลักษณ์พระนามาภิไธยย่อ ส.ธ. มวง.png,ปกติ,4/7/2026 2:55,4/7/2026 2:55,1,1
202,ธงตราสัญลักษณ์พระนามาภิไธยย่อ ส.ธ.,images/items/ธงตราสัญลักษณ์พระนามาภิไธยย่อ ส.ธ. มวง.png,ปกติ,4/8/2026 2:55,4/8/2026 2:55,1,1
464,ธงตราสัญลักษณ์พระปรมาภิไธยย่อ ว.ป.ร.,images/items/ธงตราสัญลักษณ์พระปรมาภิไธยย่อ ว.ป.ร. เหลือง.png,ปกติ,4/9/2026 2:55,4/9/2026 2:55,1,1
526,ธงตราสัญลักษณ์พระปรมาภิไธยย่อ ว.ป.ร.,images/items/ธงตราสัญลักษณ์พระปรมาภิไธยย่อ ว.ป.ร. เหลือง.png,ปกติ,4/10/2026 2:55,4/10/2026 2:55,1,1
851,ผ้าปูโต๊ะสีฟ้า,images/items/ผ้าปูโต๊ะสีฟ้า.jpg,ปกติ,4/11/2026 2:55,4/11/2026 2:55,4,1
852,ผ้าปูโต๊ะสีฟ้า,images/items/ผ้าปูโต๊ะสีฟ้า.jpg,ปกติ,4/12/2026 2:55,4/12/2026 2:55,4,1
853,ผ้าปูโต๊ะสีฟ้า,images/items/ผ้าปูโต๊ะสีฟ้า.jpg,ปกติ,4/13/2026 2:55,4/13/2026 2:55,4,1
854,ผ้าปูโต๊ะสีฟ้า,images/items/ผ้าปูโต๊ะสีฟ้า.jpg,ปกติ,4/14/2026 2:55,4/14/2026 2:55,4,1
855,ผ้าปูโต๊ะสีฟ้า,images/items/ผ้าปูโต๊ะสีฟ้า.jpg,ปกติ,4/15/2026 2:55,4/15/2026 2:55,4,1
856,ผ้าปูโต๊ะสีฟ้า,images/items/ผ้าปูโต๊ะสีฟ้า.jpg,ปกติ,4/16/2026 2:55,4/16/2026 2:55,4,1
857,ผ้าปูโต๊ะสีฟ้า,images/items/ผ้าปูโต๊ะสีฟ้า.jpg,ปกติ,4/17/2026 2:55,4/17/2026 2:55,4,1
858,ผ้าปูโต๊ะสีฟ้า,images/items/ผ้าปูโต๊ะสีฟ้า.jpg,ปกติ,4/18/2026 2:55,4/18/2026 2:55,4,1
859,ผ้าปูโต๊ะสีฟ้า,images/items/ผ้าปูโต๊ะสีฟ้า.jpg,ปกติ,4/19/2026 2:55,4/19/2026 2:55,4,1
860,ผ้าปูโต๊ะสีฟ้า,images/items/ผ้าปูโต๊ะสีฟ้า.jpg,ปกติ,4/20/2026 2:55,4/20/2026 2:55,4,1
861,ผ้าปูโต๊ะสีฟ้า,images/items/ผ้าปูโต๊ะสีฟ้า.jpg,ปกติ,4/21/2026 2:55,4/21/2026 2:55,4,1
1205,วิลแชร์ไฟฟ้า,images/items/วิลแชร์ไฟฟ้า.jpg,ปกติ,4/22/2026 2:55,4/22/2026 2:55,4,8
1203,ขันเงินขนาดเล็ก (6x3.5 ซม.),images/items/ขันเงินขนาดเล็ก.jpg,ปกติ,4/23/2026 2:55,4/23/2026 2:55,5,12
1073,ขาตั้งตาลปัตร,images/items/ขาตั้งตาลปัตร.jpg,ปกติ,4/24/2026 2:55,4/24/2026 2:55,5,9
1052,ไม้ค้ำยัน ไซส์ 46 กว้าง 18 ซม. สูง 113-121 ซม. (เหมาะสำหรับส่วนสูง 135-144 ซม.),images/items/ไม้ค้ำยัน.jpg,ปกติ,4/25/2026 2:55,4/25/2026 2:55,3,9
1044,วิลแชร์ (พับได้),images/items/วิลแชร์ (พับไม่ได้).jpg,ปกติ,4/26/2026 2:55,4/26/2026 2:55,3,8
1074,ขาตั้งตาลปัตร,images/items/ขาตั้งตาลปัตร.jpg,ปกติ,4/27/2026 2:55,4/27/2026 2:55,5,9
1075,ขาตั้งตาลปัตร,images/items/ขาตั้งตาลปัตร.jpg,ปกติ,4/28/2026 2:55,4/28/2026 2:55,5,9
1076,ขาตั้งตาลปัตร,images/items/ขาตั้งตาลปัตร.jpg,ปกติ,4/29/2026 2:55,4/29/2026 2:55,5,9
1077,ขาตั้งตาลปัตร,images/items/ขาตั้งตาลปัตร.jpg,ปกติ,4/30/2026 2:55,4/30/2026 2:55,5,9
1078,ขาตั้งตาลปัตร,images/items/ขาตั้งตาลปัตร.jpg,ปกติ,5/1/2026 2:55,5/1/2026 2:55,5,9
1079,ขาตั้งตาลปัตร,images/items/ขาตั้งตาลปัตร.jpg,ปกติ,5/2/2026 2:55,5/2/2026 2:55,5,9
1080,ขาตั้งตาลปัตร,images/items/ขาตั้งตาลปัตร.jpg,ปกติ,5/3/2026 2:55,5/3/2026 2:55,5,9
1081,ขาตั้งตาลปัตร,images/items/ขาตั้งตาลปัตร.jpg,ปกติ,5/4/2026 2:55,5/4/2026 2:55,5,9
1126,เครื่องนมัสการทองน้อย,images/items/เครื่องนมัสการทองน้อย (29x43 ซม.).png,ปกติ,5/5/2026 2:55,5/5/2026 2:55,5,14
1134,เชิงเทียนทองเหลือง,images/items/เชิงเทียนทองเหลือง.jpg,ปกติ,5/6/2026 2:55,5/6/2026 2:55,5,15
1155,ตาลปัตร,images/items/ตาลปัตร.jpg,ปกติ,5/7/2026 2:55,5/7/2026 2:55,5,16
1156,ตาลปัตร,images/items/ตาลปัตร.jpg,ปกติ,5/8/2026 2:55,5/8/2026 2:55,5,16
1157,ตาลปัตร,images/items/ตาลปัตร.jpg,ปกติ,5/9/2026 2:55,5/9/2026 2:55,5,16
1158,ตาลปัตร,images/items/ตาลปัตร.jpg,ปกติ,5/10/2026 2:55,5/10/2026 2:55,5,16
1159,ตาลปัตร,images/items/ตาลปัตร.jpg,ปกติ,5/11/2026 2:55,5/11/2026 2:55,5,16
1160,ตาลปัตร,images/items/ตาลปัตร.jpg,ปกติ,5/12/2026 2:55,5/12/2026 2:55,5,16
1161,ตาลปัตร,images/items/ตาลปัตร.jpg,ปกติ,5/13/2026 2:55,5/13/2026 2:55,5,16
1162,ตาลปัตร,images/items/ตาลปัตร.jpg,ปกติ,5/14/2026 2:55,5/14/2026 2:55,5,16
1163,ตาลปัตร,images/items/ตาลปัตร.jpg,ปกติ,5/15/2026 2:55,5/15/2026 2:55,5,16
1164,ตาลปัตร,images/items/ตาลปัตร.jpg,ปกติ,5/16/2026 2:55,5/16/2026 2:55,5,16
1096,เบาะรองนั่งสีเขียว สำหรับอาสนะสงฆ์,images/items/เบาะรองนั่งสีเขียว สำหรับอาสนะสงฆ์ (62x64 ซม.png,ปกติ,5/17/2026 2:55,5/17/2026 2:55,5,13
1097,เบาะรองนั่งสีเขียว สำหรับอาสนะสงฆ์,images/items/เบาะรองนั่งสีเขียว สำหรับอาสนะสงฆ์ (62x64 ซม.png,ปกติ,5/18/2026 2:55,5/18/2026 2:55,5,13
1098,เบาะรองนั่งสีเขียว สำหรับอาสนะสงฆ์,images/items/เบาะรองนั่งสีเขียว สำหรับอาสนะสงฆ์ (62x64 ซม.png,ปกติ,5/19/2026 2:55,5/19/2026 2:55,5,13
1099,เบาะรองนั่งสีเขียว สำหรับอาสนะสงฆ์,images/items/เบาะรองนั่งสีเขียว สำหรับอาสนะสงฆ์ (62x64 ซม.png,ปกติ,5/20/2026 2:55,5/20/2026 2:55,5,13
1100,เบาะรองนั่งสีเขียว สำหรับอาสนะสงฆ์,images/items/เบาะรองนั่งสีเขียว สำหรับอาสนะสงฆ์ (62x64 ซม.png,ปกติ,5/21/2026 2:55,5/21/2026 2:55,5,13
1101,เบาะรองนั่งสีเขียว สำหรับอาสนะสงฆ์,images/items/เบาะรองนั่งสีเขียว สำหรับอาสนะสงฆ์ (62x64 ซม.png,ปกติ,5/22/2026 2:55,5/22/2026 2:55,5,13
1102,เบาะรองนั่งสีเขียว สำหรับอาสนะสงฆ์,images/items/เบาะรองนั่งสีเขียว สำหรับอาสนะสงฆ์ (62x64 ซม.png,ปกติ,5/23/2026 2:55,5/23/2026 2:55,5,13
1103,เบาะรองนั่งสีเขียว สำหรับอาสนะสงฆ์,images/items/เบาะรองนั่งสีเขียว สำหรับอาสนะสงฆ์ (62x64 ซม.png,ปกติ,5/24/2026 2:55,5/24/2026 2:55,5,13
1104,เบาะรองนั่งสีเขียว สำหรับอาสนะสงฆ์,images/items/เบาะรองนั่งสีเขียว สำหรับอาสนะสงฆ์ (62x64 ซม.png,ปกติ,5/25/2026 2:55,5/25/2026 2:55,5,13
1105,เบาะรองนั่งสีเขียว สำหรับอาสนะสงฆ์,images/items/เบาะรองนั่งสีเขียว สำหรับอาสนะสงฆ์ (62x64 ซม.png,ปกติ,5/26/2026 2:55,5/26/2026 2:55,5,13
1112,เบาะรองนั่งสีทองลายกุหลาบ สำหรับอาสนะสงฆ์,images/items/เบาะรองนั่งสีทองลายกุหลาบ สำหรบอาสนะสงฆ์ (55x55 ซม.png,ปกติ,5/27/2026 2:55,5/27/2026 2:55,5,13
1113,เบาะรองนั่งสีทองลายกุหลาบ สำหรับอาสนะสงฆ์,images/items/เบาะรองนั่งสีทองลายกุหลาบ สำหรบอาสนะสงฆ์ (55x55 ซม.png,ปกติ,5/28/2026 2:55,5/28/2026 2:55,5,13
1114,เบาะรองนั่งสีทองลายกุหลาบ สำหรับอาสนะสงฆ์,images/items/เบาะรองนั่งสีทองลายกุหลาบ สำหรบอาสนะสงฆ์ (55x55 ซม.png,ปกติ,5/29/2026 2:55,5/29/2026 2:55,5,13
1115,เบาะรองนั่งสีทองลายกุหลาบ สำหรับอาสนะสงฆ์,images/items/เบาะรองนั่งสีทองลายกุหลาบ สำหรบอาสนะสงฆ์ (55x55 ซม.png,ปกติ,5/30/2026 2:55,5/30/2026 2:55,5,13
790,ธงสกรีนคณะบริหารธุรกิจ,images/items/ธงสกรีนคณะบริหารธุรกิจ.jpg,ปกติ,5/31/2026 2:55,5/31/2026 2:55,2,1
1111,เบาะรองนั่งสีทองลายกุหลาบ สำหรับอาสนะสงฆ์,images/items/เบาะรองนั่งสีทองลายกุหลาบ สำหรบอาสนะสงฆ์ (55x55 ซม.png,ปกติ,6/1/2026 2:55,6/1/2026 2:55,5,13
1121,เบาะรองนั่งสีทองลายดอกไม้ สำหรับอาสนะสงฆ์,images/items/เบาะรองนั่งสีทองลายดอกไม้ สำหรับอาสนะสงฆ์ (64x60 ซม.png,ปกติ,6/2/2026 2:55,6/2/2026 2:55,5,13
1123,เบาะรองนั่งสีทองลายดอกไม้ สำหรับอาสนะสงฆ์,images/items/เบาะรองนั่งสีทองลายดอกไม้ สำหรับอาสนะสงฆ์ (64x60 ซม.png,ปกติ,6/3/2026 2:55,6/3/2026 2:55,5,13
1124,เบาะรองนั่งสีทองลายดอกไม้ สำหรับอาสนะสงฆ์,images/items/เบาะรองนั่งสีทองลายดอกไม้ สำหรับอาสนะสงฆ์ (64x60 ซม.png,ปกติ,6/4/2026 2:55,6/4/2026 2:55,5,13
1125,เบาะรองนั่งสีทองลายดอกไม้ สำหรับอาสนะสงฆ์,images/items/เบาะรองนั่งสีทองลายดอกไม้ สำหรับอาสนะสงฆ์ (64x60 ซม.png,ปกติ,6/5/2026 2:55,6/5/2026 2:55,5,13
1144,พุ่มเงินทอง,images/items/พุ่มเงิน พุ่มทอง (ผ้า) No.6 (22x61 ซม.png,ปกติ,6/6/2026 2:55,6/6/2026 2:55,5,15
1148,พุ่มดอกไม้ สีม่วง1,images/items/พุ่มดอกไม้สีม่วง 1 (23x58 ซม.png,ปกติ,6/7/2026 2:55,6/7/2026 2:55,5,15
1152,พุ่มดอกกุหลาบสีม่วง,images/items/พุ่มดอกกุหลาบสีม่วง 45x60.png,ปกติ,6/8/2026 2:55,6/8/2026 2:55,5,15
1154,พุ่มดอกไม้สีเหลือง2,images/items/พุ่มดอกไม้สีเหลือง 25x79.png,ปกติ,6/9/2026 2:55,6/9/2026 2:55,5,15
1169,อาสนะสงฆ์แบบมีพนักพิงสีแดง,images/items/อาสนะสงฆ์ (พนักพิง) สีแดง.jpg,ปกติ,6/10/2026 2:55,6/10/2026 2:55,5,20
1170,อาสนะสงฆ์แบบมีพนักพิงสีแดง,images/items/อาสนะสงฆ์ (พนักพิง) สีแดง.jpg,ปกติ,6/11/2026 2:55,6/11/2026 2:55,5,20
1171,อาสนะสงฆ์แบบมีพนักพิงสีแดง,images/items/อาสนะสงฆ์ (พนักพิง) สีแดง.jpg,ปกติ,6/12/2026 2:55,6/12/2026 2:55,5,20
1172,อาสนะสงฆ์แบบมีพนักพิงสีแดง,images/items/อาสนะสงฆ์ (พนักพิง) สีแดง.jpg,ปกติ,6/13/2026 2:55,6/13/2026 2:55,5,20
1173,อาสนะสงฆ์แบบมีพนักพิงสีแดง,images/items/อาสนะสงฆ์ (พนักพิง) สีแดง.jpg,ปกติ,6/14/2026 2:55,6/14/2026 2:55,5,20
1174,อาสนะสงฆ์แบบมีพนักพิงสีแดง,images/items/อาสนะสงฆ์ (พนักพิง) สีแดง.jpg,ปกติ,6/15/2026 2:55,6/15/2026 2:55,5,20
1175,อาสนะสงฆ์แบบมีพนักพิงสีแดง,images/items/อาสนะสงฆ์ (พนักพิง) สีแดง.jpg,ปกติ,6/16/2026 2:55,6/16/2026 2:55,5,20
1176,อาสนะสงฆ์แบบมีพนักพิงสีแดง,images/items/อาสนะสงฆ์ (พนักพิง) สีแดง.jpg,ปกติ,6/17/2026 2:55,6/17/2026 2:55,5,20
1177,อาสนะสงฆ์แบบมีพนักพิงสีแดง,images/items/อาสนะสงฆ์ (พนักพิง) สีแดง.jpg,ปกติ,6/18/2026 2:55,6/18/2026 2:55,5,20
1178,อาสนะสงฆ์แบบมีพนักพิงสีแดง,images/items/อาสนะสงฆ์ (พนักพิง) สีแดง.jpg,ปกติ,6/19/2026 2:55,6/19/2026 2:55,5,20
1185,อาสนะสงฆ์แบบมีพนักพิงสีเหลือง,images/items/อาสนะสงฆ์ (พนักพิง) สีเหลือง.jpg,ปกติ,6/20/2026 2:55,6/20/2026 2:55,5,20
1186,อาสนะสงฆ์แบบมีพนักพิงสีเหลือง,images/items/อาสนะสงฆ์ (พนักพิง) สีเหลือง.jpg,ปกติ,6/21/2026 2:55,6/21/2026 2:55,5,20
1187,อาสนะสงฆ์แบบมีพนักพิงสีเหลือง,images/items/อาสนะสงฆ์ (พนักพิง) สีเหลือง.jpg,ปกติ,6/22/2026 2:55,6/22/2026 2:55,5,20
1188,อาสนะสงฆ์แบบมีพนักพิงสีเหลือง,images/items/อาสนะสงฆ์ (พนักพิง) สีเหลือง.jpg,ปกติ,6/23/2026 2:55,6/23/2026 2:55,5,20
1194,พระฉายาลักษณ์สมเด็จพระนางเจ้า ฯ พระบรมราชินี กรอบลาย 90x115 ซม.,images/items/พระฉายาลักษณ์สมเด็จพระนางเจ้า ฯ พระบรมราชินี กรอบลาย.jpg,ปกติ,6/24/2026 2:55,6/24/2026 2:55,5,21
1195,พระฉายาลักษณ์สมเด็จพระกนิษฐาธิราชเจ้ากรมสมเด็จพระเทพรัตนราชสุดา ฯ สยามบรมราชกุมารี กรอบทอง 60.5x86 ซม.,images/items/พระฉายาลักษณ์สมเด็จพระกนิษฐาธิราชเจ้ากรมสมเด็จพระเทพรัตนราชสุดา_ทอง.png,ปกติ,6/25/2026 2:55,6/25/2026 2:55,5,21
1221,พุ่ม 5 ยอด,images/items/พุ่ม 5 ยอด (23x78 ซม.png,ปกติ,6/26/2026 2:55,6/26/2026 2:55,5,15
1206,พระฉายาลักษณ์ พระบาทสมเด็จพระวชิรเกล้าเจ้าอยู่หัว (ใหญ่) 1.53x2.70 เมตร,images/items/พระฉายาลักษณ์ พระบาทสมเด็จพระวชิรเกล้าเจ้าอยู่หัว (ใหญ่).jpg,ปกติ,6/27/2026 2:55,6/27/2026 2:55,5,21
999,คูหาเลือกตั้ง,images/items/คูหาเลือกตั้ง.jpg,ปกติ,6/28/2026 2:55,6/28/2026 2:55,2,6
909,เก้าอี้หลุย,images/items/เก้าอี้หลุย.jpg,หาย,6/29/2026 2:55,6/29/2026 2:55,2,3
1198,พระฉายาลักษณ์สมเด็จพระเจ้าลูกเธอเจ้าฟ้าพัชรกิติยาภา ฯ กรอบลาย 65x91 ซม.,images/items/พระฉายาลักษณ์สมเด็จพระเจ้าลูกเธอเจ้าฟ้าพัชรกิติยาภา ฯ กรอบลาย.jpg,ปกติ,6/30/2026 2:55,6/30/2026 2:55,5,21
843,ผ้าปูโต๊ะสีฟ้า,images/items/ผ้าปูโต๊ะสีฟ้า.jpg,ปกติ,7/1/2026 2:55,7/1/2026 2:55,4,1
777,ธงมหาวิทยาลัยผืนเล็ก,images/items/ธงมหาวิทยาลัยผืนใหญ่ (ขึ้นเสาธง).jpg,ปกติ,7/2/2026 2:55,7/2/2026 2:55,2,1
1122,เบาะรองนั่งสีทองลายดอกไม้ สำหรับอาสนะสงฆ์,images/items/เบาะรองนั่งสีทองลายดอกไม้ สำหรับอาสนะสงฆ์ (64x60 ซม.png,ปกติ,7/3/2026 2:55,7/3/2026 2:55,5,13
772,ธงมหาวิทยาลัยผืนใหญ่ (ขึ้นเสาธง),images/items/ธงมหาวิทยาลัยผืนใหญ่ (ขึ้นเสาธง).jpg,ปกติ,7/4/2026 2:55,7/4/2026 2:55,2,1
773,ธงมหาวิทยาลัยผืนเล็ก,images/items/ธงมหาวิทยาลัยผืนใหญ่ (ขึ้นเสาธง).jpg,ปกติ,7/5/2026 2:55,7/5/2026 2:55,2,1
774,ธงมหาวิทยาลัยผืนเล็ก,images/items/ธงมหาวิทยาลัยผืนใหญ่ (ขึ้นเสาธง).jpg,ปกติ,7/6/2026 2:55,7/6/2026 2:55,2,1
775,ธงมหาวิทยาลัยผืนเล็ก,images/items/ธงมหาวิทยาลัยผืนใหญ่ (ขึ้นเสาธง).jpg,ปกติ,7/7/2026 2:55,7/7/2026 2:55,2,1
776,ธงมหาวิทยาลัยผืนเล็ก,images/items/ธงมหาวิทยาลัยผืนใหญ่ (ขึ้นเสาธง).jpg,ปกติ,7/8/2026 2:55,7/8/2026 2:55,2,1
780,ธงชาติไทย (ขึ้นเสาธง),images/items/ธงชาติไทย.jpg,ปกติ,7/9/2026 2:55,7/9/2026 2:55,2,1
781,ธงชาติไทย (ผืนเล็ก),images/items/ธงชาติไทย.jpg,ปกติ,7/10/2026 2:55,7/10/2026 2:55,2,1
782,ธงชาติไทย (ผืนเล็ก),images/items/ธงชาติไทย.jpg,ปกติ,7/11/2026 2:55,7/11/2026 2:55,2,1
783,ธงชาติไทย (ผืนเล็ก),images/items/ธงชาติไทย.jpg,ปกติ,7/12/2026 2:55,7/12/2026 2:55,2,1
784,ธงชาติไทย (ผืนเล็ก),images/items/ธงชาติไทย.jpg,ปกติ,7/13/2026 2:55,7/13/2026 2:55,2,1
785,ธงชาติไทย (ผืนเล็ก),images/items/ธงชาติไทย.jpg,ปกติ,7/14/2026 2:55,7/14/2026 2:55,2,1
786,ธงชาติไทย (ผืนเล็ก),images/items/ธงชาติไทย.jpg,ปกติ,7/15/2026 2:55,7/15/2026 2:55,2,1
787,ธงชาติไทย (ผืนเล็ก),images/items/ธงชาติไทย.jpg,ปกติ,7/16/2026 2:55,7/16/2026 2:55,2,1
788,ธงสกรีนคณะบริหารธุรกิจ,images/items/ธงสกรีนคณะบริหารธุรกิจ.jpg,ปกติ,7/17/2026 2:55,7/17/2026 2:55,2,1
789,ธงสกรีนคณะบริหารธุรกิจ,images/items/ธงสกรีนคณะบริหารธุรกิจ.jpg,ปกติ,7/18/2026 2:55,7/18/2026 2:55,2,1
320,ธงชาติไทย,images/items/ธงชาติไทย.jpg,ปกติ,7/19/2026 2:55,7/19/2026 2:55,1,1
438,ธงชาติไทย,images/items/ธงชาติไทย.jpg,ปกติ,7/20/2026 2:55,7/20/2026 2:55,1,1
60,ธงตราสัญลักษณ์พระนามาภิไธยย่อ ส.ธ.,images/items/ธงตราสัญลักษณ์พระนามาภิไธยย่อ ส.ธ. มวง.png,ปกติ,7/21/2026 2:55,7/21/2026 2:55,1,1
64,ธงตราสัญลักษณ์พระนามาภิไธยย่อ ส.ธ.,images/items/ธงตราสัญลักษณ์พระนามาภิไธยย่อ ส.ธ. มวง.png,ปกติ,7/22/2026 2:55,7/22/2026 2:55,1,1
791,ธงสกรีนคณะบริหารธุรกิจ,images/items/ธงสกรีนคณะบริหารธุรกิจ.jpg,ปกติ,7/23/2026 2:55,7/23/2026 2:55,2,1
792,ธงสกรีนคณะศิลปกรรมศาสตร์,images/items/ธงสกรีนคณะศิลปกรรมศาสตร์.jpg,ปกติ,7/24/2026 2:55,7/24/2026 2:55,2,1
797,ธงสกรีนคณะครุศาสตร์อุตสาหกรรม,images/items/ธงสกรีนคณะครุศาสตร์อุตสาหกรรม.jpg,ปกติ,7/25/2026 2:55,7/25/2026 2:55,2,1
798,ธงสกรีนคณะครุศาสตร์อุตสาหกรรม,images/items/ธงสกรีนคณะครุศาสตร์อุตสาหกรรม.jpg,ปกติ,7/26/2026 2:55,7/26/2026 2:55,2,1
801,ธงสกรีนวิทยาลัยการแพทย์แผนไทย,images/items/ธงสกรีนวิทยาลัยการแพทย์แผนไทย.jpg,ปกติ,7/27/2026 2:55,7/27/2026 2:55,2,1
802,ธงสกรีนวิทยาลัยการแพทย์แผนไทย,images/items/ธงสกรีนวิทยาลัยการแพทย์แผนไทย.jpg,ปกติ,7/28/2026 2:55,7/28/2026 2:55,2,1
805,ธงสกรีนคณะวิทยาศาสตร์และเทคโนโลยี,images/items/ธงสกรีนคณะวิทยาศาสตร์และเทคโนโลยี.jpg,ปกติ,7/29/2026 2:55,7/29/2026 2:55,2,1
806,ธงสกรีนคณะวิทยาศาสตร์และเทคโนโลยี,images/items/ธงสกรีนคณะวิทยาศาสตร์และเทคโนโลยี.jpg,ปกติ,7/30/2026 2:55,7/30/2026 2:55,2,1
810,ธงสกรีนคณะเทคโนโลยีสื่อสารมวลชน,images/items/ธงสกรีนคณะเทคโนโลยีสื่อสารมวลชน.jpg,ปกติ,7/31/2026 2:55,7/31/2026 2:55,2,1
811,ธงสกรีนคณะเทคโนโลยีสื่อสารมวลชน,images/items/ธงสกรีนคณะเทคโนโลยีสื่อสารมวลชน.jpg,ปกติ,8/1/2026 2:55,8/1/2026 2:55,2,1
812,ธงสกรีนคณะเทคโนโลยีสื่อสารมวลชน,images/items/ธงสกรีนคณะเทคโนโลยีสื่อสารมวลชน.jpg,ปกติ,8/2/2026 2:55,8/2/2026 2:55,2,1
815,ธงสกรีนคณะวิศวกรรมศาสตร์,images/items/ธงสกรีนคณะวิศวกรรมศาสตร์.jpg,ปกติ,8/3/2026 2:55,8/3/2026 2:55,2,1
816,ธงสกรีนคณะวิศวกรรมศาสตร์,images/items/ธงสกรีนคณะวิศวกรรมศาสตร์.jpg,ปกติ,8/4/2026 2:55,8/4/2026 2:55,2,1
817,ธงสกรีนคณะวิศวกรรมศาสตร์,images/items/ธงสกรีนคณะวิศวกรรมศาสตร์.jpg,ปกติ,8/5/2026 2:55,8/5/2026 2:55,2,1
818,ธงสกรีนคณะวิศวกรรมศาสตร์,images/items/ธงสกรีนคณะวิศวกรรมศาสตร์.jpg,ปกติ,8/6/2026 2:55,8/6/2026 2:55,2,1
820,ธงสกรีนคณะสถาปัตยกรรมศาสตร์,images/items/ธงสกรีนคณะสถาปัตยกรรมศาสตร์.jpg,ปกติ,8/7/2026 2:54,8/7/2026 2:55,2,1
821,ธงสกรีนคณะสถาปัตยกรรมศาสตร์,images/items/ธงสกรีนคณะสถาปัตยกรรมศาสตร์.jpg,ปกติ,8/8/2026 2:54,8/8/2026 2:55,2,1
825,ธงสกรีนคณะเทคโนโลยีการเกษตร,images/items/ธงสกรีนคณะเทคโนโลยีการเกษตร.jpg,ปกติ,8/9/2026 2:54,8/9/2026 2:55,2,1
826,ธงสกรีนคณะเทคโนโลยีการเกษตร,images/items/ธงสกรีนคณะเทคโนโลยีการเกษตร.jpg,ปกติ,8/10/2026 2:54,8/10/2026 2:55,2,1
827,ธงสกรีนคณะเทคโนโลยีการเกษตร,images/items/ธงสกรีนคณะเทคโนโลยีการเกษตร.jpg,ปกติ,8/11/2026 2:54,8/11/2026 2:55,2,1
830,ธงสกรีนคณะเทคโนโลคหกรรมศาสตร์,images/items/ธงสกรีนคณะเทคโนโลคหกรรมศาสตร์.jpg,ปกติ,8/12/2026 2:54,8/12/2026 2:55,2,1
831,ธงสกรีนคณะเทคโนโลคหกรรมศาสตร์,images/items/ธงสกรีนคณะเทคโนโลคหกรรมศาสตร์.jpg,ปกติ,8/13/2026 2:54,8/13/2026 2:55,2,1
832,ธงสกรีนคณะเทคโนโลคหกรรมศาสตร์,images/items/ธงสกรีนคณะเทคโนโลคหกรรมศาสตร์.jpg,ปกติ,8/14/2026 2:54,8/14/2026 2:55,2,1
835,ธงสกรีนคณะศิลปศาสตร์,images/items/ธงสกรีนคณะศิลปศาสตร์.jpg,ปกติ,8/15/2026 2:54,8/15/2026 2:55,2,1
836,ธงสกรีนคณะศิลปศาสตร์,images/items/ธงสกรีนคณะศิลปศาสตร์.jpg,ปกติ,8/16/2026 2:54,8/16/2026 2:55,2,1
837,ธงสกรีนคณะศิลปศาสตร์,images/items/ธงสกรีนคณะศิลปศาสตร์.jpg,ปกติ,8/17/2026 2:54,8/17/2026 2:55,2,1
838,ธงสกรีนคณะศิลปศาสตร์,images/items/ธงสกรีนคณะศิลปศาสตร์.jpg,ปกติ,8/18/2026 2:54,8/18/2026 2:55,2,1
840,ธงสกรีนคณะพยาบาลศาสตร์,images/items/ธงสกรีนคณะพยาบาลศาสตร์.jpg,ปกติ,8/19/2026 2:54,8/19/2026 2:55,2,1
841,ธงสกรีนคณะพยาบาลศาสตร์,images/items/ธงสกรีนคณะพยาบาลศาสตร์.jpg,ปกติ,8/20/2026 2:54,8/20/2026 2:55,2,1
842,ผ้าปูโต๊ะสีฟ้า,images/items/ผ้าปูโต๊ะสีฟ้า.jpg,ปกติ,8/21/2026 2:54,8/21/2026 2:55,4,1
906,เก้าอี้หลุย,images/items/เก้าอี้หลุย.jpg,หาย,8/22/2026 2:54,8/22/2026 2:55,2,3
907,เก้าอี้หลุย,images/items/เก้าอี้หลุย.jpg,หาย,8/23/2026 2:54,8/23/2026 2:55,2,3
908,เก้าอี้หลุย,images/items/เก้าอี้หลุย.jpg,หาย,8/24/2026 2:54,8/24/2026 2:55,2,3
844,ผ้าปูโต๊ะสีฟ้า,images/items/ผ้าปูโต๊ะสีฟ้า.jpg,ปกติ,8/25/2026 2:54,8/25/2026 2:55,4,1
845,ผ้าปูโต๊ะสีฟ้า,images/items/ผ้าปูโต๊ะสีฟ้า.jpg,ปกติ,8/26/2026 2:54,8/26/2026 2:55,4,1
846,ผ้าปูโต๊ะสีฟ้า,images/items/ผ้าปูโต๊ะสีฟ้า.jpg,ปกติ,8/27/2026 2:54,8/27/2026 2:55,4,1
847,ผ้าปูโต๊ะสีฟ้า,images/items/ผ้าปูโต๊ะสีฟ้า.jpg,ปกติ,8/28/2026 2:54,8/28/2026 2:55,4,1
848,ผ้าปูโต๊ะสีฟ้า,images/items/ผ้าปูโต๊ะสีฟ้า.jpg,ปกติ,8/29/2026 2:54,8/29/2026 2:55,4,1
849,ผ้าปูโต๊ะสีฟ้า,images/items/ผ้าปูโต๊ะสีฟ้า.jpg,ปกติ,8/30/2026 2:54,8/30/2026 2:55,4,1
850,ผ้าปูโต๊ะสีฟ้า,images/items/ผ้าปูโต๊ะสีฟ้า.jpg,ปกติ,8/31/2026 2:54,8/31/2026 2:55,4,1
885,พรมสีเหลือง มีลาย (2x2.94 เมตร),images/items/พรมสีเหลือง มีลาย.jpg,ปกติ,9/1/2026 2:54,9/1/2026 2:55,5,1
562,ธงตราสัญลักษณ์พระปรมาภิไธยย่อ ว.ป.ร.,images/items/ธงตราสัญลักษณ์พระปรมาภิไธยย่อ ว.ป.ร. เหลือง.png,ปกติ,9/2/2026 2:54,9/2/2026 2:55,1,1
920,โต๊ะเคียงเก้าอี้หลุย,images/items/โต๊ะเคียงเก้าอี้หลุย.jpg,ปกติ,9/3/2026 2:54,9/3/2026 2:55,2,4
921,โต๊ะเคียงเก้าอี้หลุย,images/items/โต๊ะเคียงเก้าอี้หลุย.jpg,ปกติ,9/4/2026 2:54,9/4/2026 2:55,2,4
924,หีบเลือกตั้ง,images/items/หีบเลือกตั้ง.jpg,ปกติ,9/5/2026 2:54,9/5/2026 2:55,2,5
925,หีบเลือกตั้ง,images/items/หีบเลือกตั้ง.jpg,ปกติ,9/6/2026 2:54,9/6/2026 2:55,2,5
926,หีบเลือกตั้ง,images/items/หีบเลือกตั้ง.jpg,ปกติ,9/7/2026 2:54,9/7/2026 2:55,2,5
974,คูหาเลือกตั้ง,images/items/คูหาเลือกตั้ง.jpg,ปกติ,9/8/2026 2:54,9/8/2026 2:55,2,6
975,คูหาเลือกตั้ง,images/items/คูหาเลือกตั้ง.jpg,ปกติ,9/9/2026 2:54,9/9/2026 2:55,2,6
976,คูหาเลือกตั้ง,images/items/คูหาเลือกตั้ง.jpg,ปกติ,9/10/2026 2:54,9/10/2026 2:55,2,6
977,คูหาเลือกตั้ง,images/items/คูหาเลือกตั้ง.jpg,ปกติ,9/11/2026 2:54,9/11/2026 2:55,2,6
978,คูหาเลือกตั้ง,images/items/คูหาเลือกตั้ง.jpg,ปกติ,9/12/2026 2:54,9/12/2026 2:55,2,6
916,ลำโพงเล็ก,images/items/ลำโพงเล็ก.jpg,ปกติ,9/13/2026 2:54,9/13/2026 2:55,4,3
917,ลำโพงเล็ก,images/items/ลำโพงเล็ก.jpg,ปกติ,9/14/2026 2:54,9/14/2026 2:55,4,3
918,ลำโพงใหญ่,images/items/ลำโพงใหญ่.jpg,ปกติ,9/15/2026 2:54,9/15/2026 2:55,4,3
919,แท่นกราบ,images/items/แท่นกราบ (66x70 ซม.png,ปกติ,9/16/2026 2:54,9/16/2026 2:55,5,3
1034,ป้ายมหาวิทยาลัย (อันใหญ่),images/items/ป้ายมหาวิทยาลัย (อันใหญ่).jpg,ปกติ,9/17/2026 2:54,9/17/2026 2:55,2,7
571,ธงตราสัญลักษณ์พระปรมาภิไธยย่อ ว.ป.ร.,images/items/ธงตราสัญลักษณ์พระปรมาภิไธยย่อ ว.ป.ร. เหลือง.png,ปกติ,9/18/2026 2:54,9/18/2026 2:55,1,1
574,ธงตราสัญลักษณ์พระปรมาภิไธยย่อ ว.ป.ร.,images/items/ธงตราสัญลักษณ์พระปรมาภิไธยย่อ ว.ป.ร. เหลือง.png,ปกติ,9/19/2026 2:54,9/19/2026 2:55,1,1
582,ธงตราสัญลักษณ์พระปรมาภิไธยย่อ ว.ป.ร.,images/items/ธงตราสัญลักษณ์พระปรมาภิไธยย่อ ว.ป.ร. เหลือง.png,ปกติ,9/20/2026 2:54,9/20/2026 2:55,1,1
147,ธงตราสัญลักษณ์พระนามาภิไธยย่อ ส.ธ.,images/items/ธงตราสัญลักษณ์พระนามาภิไธยย่อ ส.ธ. มวง.png,ปกติ,9/21/2026 2:54,9/21/2026 2:55,1,1
482,ธงตราสัญลักษณ์พระปรมาภิไธยย่อ ว.ป.ร.,images/items/ธงตราสัญลักษณ์พระปรมาภิไธยย่อ ว.ป.ร. เหลือง.png,ปกติ,9/22/2026 2:54,9/22/2026 2:55,1,1
624,ธงตราสัญลักษณ์พระปรมาภิไธยย่อ ว.ป.ร.,images/items/ธงตราสัญลักษณ์พระปรมาภิไธยย่อ ว.ป.ร. เหลือง.png,ปกติ,9/23/2026 2:54,9/23/2026 2:55,1,1
634,ธงตราสัญลักษณ์พระปรมาภิไธยย่อ ว.ป.ร.,images/items/ธงตราสัญลักษณ์พระปรมาภิไธยย่อ ว.ป.ร. เหลือง.png,ปกติ,9/24/2026 2:54,9/24/2026 2:55,1,1
644,ธงตราสัญลักษณ์พระปรมาภิไธยย่อ ว.ป.ร.,images/items/ธงตราสัญลักษณ์พระปรมาภิไธยย่อ ว.ป.ร. เหลือง.png,ปกติ,9/25/2026 2:54,9/25/2026 2:55,1,1
884,พรมแดง มีลาย (2.09x3.07 เมตร),images/items/พรมสีแดง มีลาย.jpg,ปกติ,9/26/2026 2:54,9/26/2026 2:55,5,1
1050,ไม้ค้ำยัน ไซส์ 42 นิ้ว,images/items/ไม้ค้ำยัน.jpg,ปกติ,9/27/2026 2:54,9/27/2026 2:55,3,9
1051,ไม้ค้ำยัน ไซส์ 46 กว้าง 18 ซม. สูง 113-121 ซม. (เหมาะสำหรับส่วนสูง 135-144 ซม.),images/items/ไม้ค้ำยัน.jpg,ปกติ,9/28/2026 2:54,9/28/2026 2:55,3,9
915,วอคเกอร์,images/items/วอคเกอร์.jpg,ปกติ,9/29/2026 2:54,9/29/2026 2:55,3,3
351,ธงชาติไทย,images/items/ธงชาติไทย.jpg,ปกติ,9/30/2026 2:54,9/30/2026 2:55,1,1
676,ธงตราสัญลักษณ์พระปรมาภิไธยย่อ ว.ป.ร.,images/items/ธงตราสัญลักษณ์พระปรมาภิไธยย่อ ว.ป.ร. เหลือง.png,ปกติ,10/1/2026 2:54,10/1/2026 2:55,1,1
631,ธงตราสัญลักษณ์พระปรมาภิไธยย่อ ว.ป.ร.,images/items/ธงตราสัญลักษณ์พระปรมาภิไธยย่อ ว.ป.ร. เหลือง.png,ปกติ,10/2/2026 2:54,10/2/2026 2:55,1,1
632,ธงตราสัญลักษณ์พระปรมาภิไธยย่อ ว.ป.ร.,images/items/ธงตราสัญลักษณ์พระปรมาภิไธยย่อ ว.ป.ร. เหลือง.png,ปกติ,10/3/2026 2:54,10/3/2026 2:55,1,1
668,ธงตราสัญลักษณ์พระปรมาภิไธยย่อ ว.ป.ร.,images/items/ธงตราสัญลักษณ์พระปรมาภิไธยย่อ ว.ป.ร. เหลือง.png,ปกติ,10/4/2026 2:54,10/4/2026 2:55,1,1
691,ธงตราสัญลักษณ์พระปรมาภิไธยย่อ ว.ป.ร.,images/items/ธงตราสัญลักษณ์พระปรมาภิไธยย่อ ว.ป.ร. เหลือง.png,ปกติ,10/5/2026 2:54,10/5/2026 2:55,1,1
704,ธงตราสัญลักษณ์พระปรมาภิไธยย่อ ว.ป.ร.,images/items/ธงตราสัญลักษณ์พระปรมาภิไธยย่อ ว.ป.ร. เหลือง.png,ปกติ,10/6/2026 2:54,10/6/2026 2:55,1,1
375,ธงชาติไทย,images/items/ธงชาติไทย.jpg,ปกติ,10/7/2026 2:54,10/7/2026 2:55,1,1
415,ธงชาติไทย,images/items/ธงชาติไทย.jpg,ปกติ,10/8/2026 2:54,10/8/2026 2:55,1,1
1087,เครื่องบันทึกเสียง (DSS),images/items/เครื่องบันทึกเสียง (DSS).jpg,ปกติ,10/9/2026 2:54,10/9/2026 2:55,4,11
1088,เครื่องขยายภาพ สำหรับผู้พิการสายตา,images/items/เครื่องขยายภาพ สำหรับผู้พิการสายตา.png,ปกติ,10/10/2026 2:54,10/10/2026 2:55,4,11
1089,หัวลากวิลแชร์,images/items/หัวลากวิลแชร์.jpg,ปกติ,10/11/2026 2:54,10/11/2026 2:55,4,12
1084,ฟลิปชาร์ต,images/items/ฟลิปชาร์ต.jpg,ปกติ,10/12/2026 2:54,10/12/2026 2:55,4,10
1085,ฟลิปชาร์ต,images/items/ฟลิปชาร์ต.jpg,ปกติ,10/13/2026 2:54,10/13/2026 2:55,4,10
1086,ฟลิปชาร์ต,images/items/ฟลิปชาร์ต.jpg,ปกติ,10/14/2026 2:54,10/14/2026 2:55,4,10
1090,กระธางธูปทองเหลือง,images/items/กระถางธูปทองเหลือง.jpg,ปกติ,10/15/2026 2:54,10/15/2026 2:55,5,13
1091,กระถางธูปปูนปั้นสีขาว,images/items/กระถางธูป ปูนปั้นสีขาว.jpg,ปกติ,10/16/2026 2:54,10/16/2026 2:55,5,13
1072,ขาตั้งตาลปัตร,images/items/ขาตั้งตาลปัตร.jpg,ปกติ,10/17/2026 2:54,10/17/2026 2:55,5,9
1082,เชิงเทียนชนวน,images/items/เชิงเทียนชนวน.jpg,ปกติ,10/18/2026 2:54,10/18/2026 2:55,5,9
1133,เชิงเทียนทองเหลือง,images/items/เชิงเทียนทองเหลือง.jpg,ปกติ,10/19/2026 2:54,10/19/2026 2:55,5,15
1135,เชิงเทียนปูนปั้นสีขาว,images/items/เชิงเทียนปูนปั้นสีขาว.jpg,ปกติ,10/20/2026 2:54,10/20/2026 2:55,5,15
1106,เบาะรองนั่งสีทองลายกุหลาบ สำหรับอาสนะสงฆ์,images/items/เบาะรองนั่งสีทองลายกุหลาบ สำหรบอาสนะสงฆ์ (55x55 ซม.png,ปกติ,10/21/2026 2:54,10/21/2026 2:55,5,13
1107,เบาะรองนั่งสีทองลายกุหลาบ สำหรับอาสนะสงฆ์,images/items/เบาะรองนั่งสีทองลายกุหลาบ สำหรบอาสนะสงฆ์ (55x55 ซม.png,ปกติ,10/22/2026 2:54,10/22/2026 2:55,5,13
1108,เบาะรองนั่งสีทองลายกุหลาบ สำหรับอาสนะสงฆ์,images/items/เบาะรองนั่งสีทองลายกุหลาบ สำหรบอาสนะสงฆ์ (55x55 ซม.png,ปกติ,10/23/2026 2:54,10/23/2026 2:55,5,13
1109,เบาะรองนั่งสีทองลายกุหลาบ สำหรับอาสนะสงฆ์,images/items/เบาะรองนั่งสีทองลายกุหลาบ สำหรบอาสนะสงฆ์ (55x55 ซม.png,ปกติ,10/24/2026 2:54,10/24/2026 2:55,5,13
1110,เบาะรองนั่งสีทองลายกุหลาบ สำหรับอาสนะสงฆ์,images/items/เบาะรองนั่งสีทองลายกุหลาบ สำหรบอาสนะสงฆ์ (55x55 ซม.png,ปกติ,10/25/2026 2:54,10/25/2026 2:55,5,13
1116,เบาะรองนั่งสีทองลายดอกไม้ สำหรับอาสนะสงฆ์,images/items/เบาะรองนั่งสีทองลายดอกไม้ สำหรับอาสนะสงฆ์ (64x60 ซม.png,ปกติ,10/26/2026 2:54,10/26/2026 2:55,5,13
451,ธงชาติไทย,images/items/ธงชาติไทย.jpg,ปกติ,10/27/2026 2:54,10/27/2026 2:55,1,1
452,ธงชาติไทย,images/items/ธงชาติไทย.jpg,ปกติ,10/28/2026 2:54,10/28/2026 2:55,1,1
1067,ไม้เท้าก้านร่ม,images/items/ไม้เท้าก้านร่ม.jpg,ปกติ,10/29/2026 2:54,10/29/2026 2:55,3,9
1068,ไม้เท้าก้านร่ม,images/items/ไม้เท้าก้านร่ม.jpg,ปกติ,10/30/2026 2:54,10/30/2026 2:55,3,9
1069,ไม้เท้าก้านร่ม,images/items/ไม้เท้าก้านร่ม.jpg,ปกติ,10/31/2026 2:54,10/31/2026 2:55,3,9
1117,เบาะรองนั่งสีทองลายดอกไม้ สำหรับอาสนะสงฆ์,images/items/เบาะรองนั่งสีทองลายดอกไม้ สำหรับอาสนะสงฆ์ (64x60 ซม.png,ปกติ,11/1/2026 2:54,11/1/2026 2:55,5,13
1118,เบาะรองนั่งสีทองลายดอกไม้ สำหรับอาสนะสงฆ์,images/items/เบาะรองนั่งสีทองลายดอกไม้ สำหรับอาสนะสงฆ์ (64x60 ซม.png,ปกติ,11/2/2026 2:54,11/2/2026 2:55,5,13
1119,เบาะรองนั่งสีทองลายดอกไม้ สำหรับอาสนะสงฆ์,images/items/เบาะรองนั่งสีทองลายดอกไม้ สำหรับอาสนะสงฆ์ (64x60 ซม.png,ปกติ,11/3/2026 2:54,11/3/2026 2:55,5,13
1120,เบาะรองนั่งสีทองลายดอกไม้ สำหรับอาสนะสงฆ์,images/items/เบาะรองนั่งสีทองลายดอกไม้ สำหรับอาสนะสงฆ์ (64x60 ซม.png,ปกติ,11/4/2026 2:54,11/4/2026 2:55,5,13
1137,พุ่มเงินทอง พานแก้ว,images/items/พุ่มเงินทอง พานแก้ว (35x76 ซม.png,ปกติ,11/5/2026 2:54,11/5/2026 2:55,5,15
1138,พุ่มเงินทอง (ใหญ่),images/items/พุ่มเงินทอง พานแก้ว (35x76 ซม.png,ปกติ,11/6/2026 2:54,11/6/2026 2:55,5,15
1127,พานธูปเทียนแพสีม่วง,images/items/พานธูปเทียนแพสีม่วง (34x62 ซม.png,ปกติ,11/7/2026 2:54,11/7/2026 2:55,5,14
1132,พานแว่นฟ้า,images/items/พานแว่นฟ้า.jpg,ปกติ,11/8/2026 2:54,11/8/2026 2:55,5,14
1130,พานธูปเทียนแพสีเหลือง,images/items/พานธูปเทียนแพสีเหลือง (34x62 ซม.png,ปกติ,11/9/2026 2:54,11/9/2026 2:55,5,14
1128,พานธูปเทียนแพสีม่วง,images/items/พานธูปเทียนแพสีม่วง (34x62 ซม.png,ปกติ,11/10/2026 2:54,11/10/2026 2:55,5,14
1129,พานธูปเทียนแพสีม่วง,images/items/พานธูปเทียนแพสีม่วง (34x62 ซม.png,ปกติ,11/11/2026 2:54,11/11/2026 2:55,5,14
1139,พุ่มเงินทอง,images/items/พุ่มเงิน พุ่มทอง (ผ้า) No.6 (22x61 ซม.png,ปกติ,11/12/2026 2:54,11/12/2026 2:55,5,15
1165,ไม้พรมน้ำมนต์,images/items/ไม้พรมน้ำมนต์.jpg,ปกติ,11/13/2026 2:54,11/13/2026 2:55,5,17
1166,บายศรีต้น,images/items/บายศรีต้น.jpg,ปกติ,11/14/2026 2:54,11/14/2026 2:55,5,18
1145,พุ่มดอกไม้สีขาว,images/items/พุ่มดอกไม้สีขาว (30x64 ซม.png,ปกติ,11/15/2026 2:54,11/15/2026 2:55,5,15
1146,พุ่มดอกไม้สีฟ้า,images/items/พุ่มดอกไม้สีฟ้า (25x76 ซม.png,ปกติ,11/16/2026 2:54,11/16/2026 2:55,5,15
1147,พุ่มดอกกุหลาบสีฟ้า,images/items/พุ่มดอกไม้สีฟ้า (45x60 ซม.png,ปกติ,11/17/2026 2:54,11/17/2026 2:55,5,15
1149,พุ่มดอกไม้ สีม่วง2,images/items/พุ่มดอกไม้สีม่วง 2 26x79.png,ปกติ,11/18/2026 2:54,11/18/2026 2:55,5,15
1150,พุ่มดอกไม้ สีม่วง3,images/items/พุ่มดอกไม้สีม่วง 3 28x79.png,ปกติ,11/19/2026 2:54,11/19/2026 2:55,5,15
1140,พุ่มเงินทอง,images/items/พุ่มเงิน พุ่มทอง (ผ้า) No.6 (22x61 ซม.png,ปกติ,11/20/2026 2:54,11/20/2026 2:55,5,15
1141,พุ่มเงินทอง,images/items/พุ่มเงิน พุ่มทอง (ผ้า) No.6 (22x61 ซม.png,ปกติ,11/21/2026 2:54,11/21/2026 2:55,5,15
1142,พุ่มเงินทอง,images/items/พุ่มเงิน พุ่มทอง (ผ้า) No.6 (22x61 ซม.png,ปกติ,11/22/2026 2:54,11/22/2026 2:55,5,15
1143,พุ่มเงินทอง,images/items/พุ่มเงิน พุ่มทอง (ผ้า) No.6 (22x61 ซม.png,ปกติ,11/23/2026 2:54,11/23/2026 2:55,5,15
1151,พุ่มดอกไม้ สีม่วง4,images/items/พุ่มดอกไม้สีม่วง 4 (34x72 ซม.png,ปกติ,11/24/2026 2:54,11/24/2026 2:55,5,15
1153,พุ่มดอกไม้สีเหลือง1,images/items/พุ่มดอกไม้สีเหลือง 25x79.png,ปกติ,11/25/2026 2:54,11/25/2026 2:55,5,15
1167,ภาชนะกรวดน้ำ,images/items/ภาชนะกรวดน้ำ.jpg,ปกติ,11/26/2026 2:54,11/26/2026 2:55,5,20
1168,สายสิญจน์,images/items/สายสิญจ์.jpg,ปกติ,11/27/2026 2:54,11/27/2026 2:55,5,19
1179,อาสนะสงฆ์แบบมีพนักพิงสีเหลือง,images/items/อาสนะสงฆ์ (พนักพิง) สีเหลือง.jpg,ปกติ,11/28/2026 2:54,11/28/2026 2:55,5,20
1180,อาสนะสงฆ์แบบมีพนักพิงสีเหลือง,images/items/อาสนะสงฆ์ (พนักพิง) สีเหลือง.jpg,ปกติ,11/29/2026 2:54,11/29/2026 2:55,5,20
1181,อาสนะสงฆ์แบบมีพนักพิงสีเหลือง,images/items/อาสนะสงฆ์ (พนักพิง) สีเหลือง.jpg,ปกติ,11/30/2026 2:54,11/30/2026 2:55,5,20
1182,อาสนะสงฆ์แบบมีพนักพิงสีเหลือง,images/items/อาสนะสงฆ์ (พนักพิง) สีเหลือง.jpg,ปกติ,12/1/2026 2:54,12/1/2026 2:55,5,20
1183,อาสนะสงฆ์แบบมีพนักพิงสีเหลือง,images/items/อาสนะสงฆ์ (พนักพิง) สีเหลือง.jpg,ปกติ,12/2/2026 2:54,12/2/2026 2:55,5,20
1184,อาสนะสงฆ์แบบมีพนักพิงสีเหลือง,images/items/อาสนะสงฆ์ (พนักพิง) สีเหลือง.jpg,ปกติ,12/3/2026 2:54,12/3/2026 2:55,5,20
1189,พระฉายาลักษณ์สมเด็จพระบรมราช ชนนีพันปีหลวง (ใหญ่) 1.48x2.66 เมตร,images/items/พระฉายาลักษณ์สมเด็จพระบรมราช ชนนีพันปีหลวง (ใหญ่).jpg,ปกติ,12/4/2026 2:54,12/4/2026 2:55,5,21
1190,พระบรมฉายาลักษณ์ พระบาทสมเด็จพระมหาภูมิพลอดุลยเดชมหาราช บรมนาถบพิตร (ใหญ่) 1.36x2.54 เมตร,images/items/พระบรมฉายาลักษณ์ พระบาทสมเด็จพระมหาภูมิพลอดุลย(ใหญ่).jpg,ปกติ,12/5/2026 2:54,12/5/2026 2:55,5,21
1191,พระบรมฉายาลักษณ์ พระบาทสมเด็จพระมหาภูมิพลอดุลยเดชมหาราช บรมนาถบพิตร กรอบทอง 60.5x86 ซม.,images/items/พระบรมฉายาลักษณ์ พระบาทสมเด็จพระมหาภูมิพลอดุลยกรอบทอง.jpg,ปกติ,12/6/2026 2:54,12/6/2026 2:55,5,21
1192,พระบรมฉายาลักษณ์ พระบาทสมเด็จพระมหาภูมิพลอดุลยเดชมหาราช บรมนาถบพิตร กรอบลาย 59x84 ซม.,images/items/พระบรมฉายาลักษณ์ พระบาทสมเด็จพระมหาภูมิพลอดุลยเดชมหาราชกรอบลาย.jpg,ปกติ,12/7/2026 2:54,12/7/2026 2:55,5,21
1193,พระฉายาลักษณ์สมเด็จพระนางเจ้า ฯ พระบรมราชินี กรอบทอง 60x85 ซม.,images/items/พระฉายาลักษณ์สมเด็จพระนางเจ้า ฯ พระบรมราชินี กรอบทอง.jpg,ปกติ,12/8/2026 2:54,12/8/2026 2:55,5,21
1199,พระบรมฉายาลักษณ์ ร.10 คู่พระบรมราชินี 1.40x2.62 เมตร,images/items/พระบรมฉายาลักษณ์ ร.10 คู่พระบรมราชินี.png,ปกติ,12/9/2026 2:54,12/9/2026 2:55,5,21
1200,พระรูปสมเด็จพระอริยวงศาคตญาณ สมเด็จพระสังฆราชสกลมหาสังฆปริณายก 66.5x92 เมตร,images/items/พระรูปสมเด็จพระอริยวงศาคตญาณ สมเด็จพระสังฆราชสกลมหาสังฆปริณายก.jpg,ปกติ,12/10/2026 2:54,12/10/2026 2:55,5,22
1202,กระโถน,images/items/กระโถน.jpg,หาย,12/11/2026 2:54,12/11/2026 2:55,5,12
268,ธงชาติไทย,images/items/ธงชาติไทย.jpg,ปกติ,12/12/2026 2:54,12/12/2026 2:55,1,1
274,ธงชาติไทย,images/items/ธงชาติไทย.jpg,ปกติ,12/13/2026 2:54,12/13/2026 2:55,1,1
275,ธงชาติไทย,images/items/ธงชาติไทย.jpg,ปกติ,12/14/2026 2:54,12/14/2026 2:55,1,1
97,ธงตราสัญลักษณ์พระนามาภิไธยย่อ ส.ธ.,images/items/ธงตราสัญลักษณ์พระนามาภิไธยย่อ ส.ธ. มวง.png,ปกติ,12/15/2026 2:54,12/15/2026 2:55,1,1
1196,พระฉายาลักษณ์สมเด็จพระกนิษฐาธิราชเจ้ากรมสมเด็จพระเทพรัตนราชสุดา ฯ สยามบรมราชกุมารี กรอบลาย 71x81.5 ซม.,images/items/พระฉายาลักษณ์สมเด็จพระกนิษฐาธิราชเจ้ากรมสมเด็จพระเทพรัตนราชสุดา_ลาย.png,ปกติ,12/16/2026 2:54,12/16/2026 2:55,5,21
1197,พระฉายาลักษณ์สมเด็จพระเจ้าลูกเธอเจ้าฟ้าพัชรกิติยาภา ฯ กรอบทอง 67x92 ซม.,images/items/พระฉายาลักษณ์สมเด็จพระเจ้าลูกเธอเจ้าฟ้าพัชรกิติยาภา ฯ กรอบทอง.jpg,ปกติ,12/17/2026 2:54,12/17/2026 2:55,5,21
1204,ขันเงินขนาดใหญ่ (36.5x16.5 ซม.),images/items/ขันเงิน.jpg,ปกติ,12/18/2026 2:54,12/18/2026 2:55,5,12
326,ธงชาติไทย,images/items/ธงชาติไทย.jpg,ปกติ,12/19/2026 2:54,12/19/2026 2:55,1,1
325,ธงชาติไทย,images/items/ธงชาติไทย.jpg,ปกติ,12/20/2026 2:54,12/20/2026 2:55,1,1
251,ธงชาติไทย,images/items/ธงชาติไทย.jpg,ปกติ,12/21/2026 2:54,12/21/2026 2:55,1,1
305,ธงชาติไทย,images/items/ธงชาติไทย.jpg,ปกติ,12/22/2026 2:54,12/22/2026 2:55,1,1
299,ธงชาติไทย,images/items/ธงชาติไทย.jpg,ปกติ,12/23/2026 2:54,12/23/2026 2:55,1,1
315,ธงชาติไทย,images/items/ธงชาติไทย.jpg,ปกติ,12/24/2026 2:54,12/24/2026 2:55,1,1
107,ธงตราสัญลักษณ์พระนามาภิไธยย่อ ส.ธ.,images/items/ธงตราสัญลักษณ์พระนามาภิไธยย่อ ส.ธ. มวง.png,ปกติ,12/25/2026 2:54,12/25/2026 2:55,1,1
109,ธงตราสัญลักษณ์พระนามาภิไธยย่อ ส.ธ.,images/items/ธงตราสัญลักษณ์พระนามาภิไธยย่อ ส.ธ. มวง.png,ปกติ,12/26/2026 2:54,12/26/2026 2:55,1,1
287,ธงชาติไทย,images/items/ธงชาติไทย.jpg,ปกติ,12/27/2026 2:54,12/27/2026 2:55,1,1
292,ธงชาติไทย,images/items/ธงชาติไทย.jpg,ปกติ,12/28/2026 2:54,12/28/2026 2:55,1,1
295,ธงชาติไทย,images/items/ธงชาติไทย.jpg,ปกติ,12/29/2026 2:54,12/29/2026 2:55,1,1
296,ธงชาติไทย,images/items/ธงชาติไทย.jpg,ปกติ,12/30/2026 2:54,12/30/2026 2:55,1,1
289,ธงชาติไทย,images/items/ธงชาติไทย.jpg,ปกติ,12/31/2026 2:54,12/31/2026 2:55,1,1
297,ธงชาติไทย,images/items/ธงชาติไทย.jpg,ปกติ,1/1/2027 2:54,1/1/2027 2:55,1,1
290,ธงชาติไทย,images/items/ธงชาติไทย.jpg,ปกติ,1/2/2027 2:54,1/2/2027 2:55,1,1
294,ธงชาติไทย,images/items/ธงชาติไทย.jpg,ปกติ,1/3/2027 2:54,1/3/2027 2:55,1,1
333,ธงชาติไทย,images/items/ธงชาติไทย.jpg,ปกติ,1/4/2027 2:54,1/4/2027 2:55,1,1
126,ธงตราสัญลักษณ์พระนามาภิไธยย่อ ส.ธ.,images/items/ธงตราสัญลักษณ์พระนามาภิไธยย่อ ส.ธ. มวง.png,ปกติ,1/5/2027 2:54,1/5/2027 2:55,1,1
124,ธงตราสัญลักษณ์พระนามาภิไธยย่อ ส.ธ.,images/items/ธงตราสัญลักษณ์พระนามาภิไธยย่อ ส.ธ. มวง.png,ปกติ,1/6/2027 2:54,1/6/2027 2:55,1,1
249,ธงตราสัญลักษณ์พระนามาภิไธยย่อ ส.ธ.,images/items/ธงตราสัญลักษณ์พระนามาภิไธยย่อ ส.ธ. มวง.png,ปกติ,1/7/2027 2:54,1/7/2027 2:55,1,1
456,ธงตราสัญลักษณ์พระปรมาภิไธยย่อ ว.ป.ร.,images/items/ธงตราสัญลักษณ์พระปรมาภิไธยย่อ ว.ป.ร. เหลือง.png,ปกติ,1/8/2027 2:54,1/8/2027 2:55,1,1
465,ธงตราสัญลักษณ์พระปรมาภิไธยย่อ ว.ป.ร.,images/items/ธงตราสัญลักษณ์พระปรมาภิไธยย่อ ว.ป.ร. เหลือง.png,ปกติ,1/9/2027 2:54,1/9/2027 2:55,1,1
473,ธงตราสัญลักษณ์พระปรมาภิไธยย่อ ว.ป.ร.,images/items/ธงตราสัญลักษณ์พระปรมาภิไธยย่อ ว.ป.ร. เหลือง.png,ปกติ,1/10/2027 2:54,1/10/2027 2:55,1,1
480,ธงตราสัญลักษณ์พระปรมาภิไธยย่อ ว.ป.ร.,images/items/ธงตราสัญลักษณ์พระปรมาภิไธยย่อ ว.ป.ร. เหลือง.png,ปกติ,1/11/2027 2:54,1/11/2027 2:55,1,1
483,ธงตราสัญลักษณ์พระปรมาภิไธยย่อ ว.ป.ร.,images/items/ธงตราสัญลักษณ์พระปรมาภิไธยย่อ ว.ป.ร. เหลือง.png,ปกติ,1/12/2027 2:54,1/12/2027 2:55,1,1
495,ธงตราสัญลักษณ์พระปรมาภิไธยย่อ ว.ป.ร.,images/items/ธงตราสัญลักษณ์พระปรมาภิไธยย่อ ว.ป.ร. เหลือง.png,ปกติ,1/13/2027 2:54,1/13/2027 2:55,1,1
497,ธงตราสัญลักษณ์พระปรมาภิไธยย่อ ว.ป.ร.,images/items/ธงตราสัญลักษณ์พระปรมาภิไธยย่อ ว.ป.ร. เหลือง.png,ปกติ,1/14/2027 2:54,1/14/2027 2:55,1,1
500,ธงตราสัญลักษณ์พระปรมาภิไธยย่อ ว.ป.ร.,images/items/ธงตราสัญลักษณ์พระปรมาภิไธยย่อ ว.ป.ร. เหลือง.png,ปกติ,1/15/2027 2:54,1/15/2027 2:55,1,1
502,ธงตราสัญลักษณ์พระปรมาภิไธยย่อ ว.ป.ร.,images/items/ธงตราสัญลักษณ์พระปรมาภิไธยย่อ ว.ป.ร. เหลือง.png,ปกติ,1/16/2027 2:54,1/16/2027 2:55,1,1
608,ธงตราสัญลักษณ์พระปรมาภิไธยย่อ ว.ป.ร.,images/items/ธงตราสัญลักษณ์พระปรมาภิไธยย่อ ว.ป.ร. เหลือง.png,ปกติ,1/17/2027 2:54,1/17/2027 2:55,1,1
693,ธงตราสัญลักษณ์พระปรมาภิไธยย่อ ว.ป.ร.,images/items/ธงตราสัญลักษณ์พระปรมาภิไธยย่อ ว.ป.ร. เหลือง.png,ปกติ,1/18/2027 2:54,1/18/2027 2:55,1,1
253,ธงชาติไทย,images/items/ธงชาติไทย.jpg,ปกติ,1/19/2027 2:54,1/19/2027 2:55,1,1
369,ธงชาติไทย,images/items/ธงชาติไทย.jpg,ปกติ,1/20/2027 2:54,1/20/2027 2:55,1,1
370,ธงชาติไทย,images/items/ธงชาติไทย.jpg,ปกติ,1/21/2027 2:54,1/21/2027 2:55,1,1
373,ธงชาติไทย,images/items/ธงชาติไทย.jpg,ปกติ,1/22/2027 2:54,1/22/2027 2:55,1,1
105,ธงตราสัญลักษณ์พระนามาภิไธยย่อ ส.ธ.,images/items/ธงตราสัญลักษณ์พระนามาภิไธยย่อ ส.ธ. มวง.png,ปกติ,1/23/2027 2:54,1/23/2027 2:55,1,1
146,ธงตราสัญลักษณ์พระนามาภิไธยย่อ ส.ธ.,images/items/ธงตราสัญลักษณ์พระนามาภิไธยย่อ ส.ธ. มวง.png,ปกติ,1/24/2027 2:54,1/24/2027 2:55,1,1
206,ธงตราสัญลักษณ์พระนามาภิไธยย่อ ส.ธ.,images/items/ธงตราสัญลักษณ์พระนามาภิไธยย่อ ส.ธ. มวง.png,ปกติ,1/25/2027 2:54,1/25/2027 2:55,1,1
895,คูลเลอร์,images/items/คูเลอร์.jpg,ปกติ,1/26/2027 2:54,1/26/2027 2:55,1,2
896,คูลเลอร์,images/items/คูเลอร์.jpg,ปกติ,1/27/2027 2:54,1/27/2027 2:55,1,2
338,ธงชาติไทย,images/items/ธงชาติไทย.jpg,ปกติ,1/28/2027 2:54,1/28/2027 2:55,1,1
341,ธงชาติไทย,images/items/ธงชาติไทย.jpg,ปกติ,1/29/2027 2:54,1/29/2027 2:55,1,1
371,ธงชาติไทย,images/items/ธงชาติไทย.jpg,ปกติ,1/30/2027 2:54,1/30/2027 2:55,1,1
376,ธงชาติไทย,images/items/ธงชาติไทย.jpg,ปกติ,1/31/2027 2:54,1/31/2027 2:55,1,1
889,คูลเลอร์,images/items/คูเลอร์.jpg,ปกติ,2/1/2027 2:54,2/1/2027 2:55,1,2
894,คูลเลอร์,images/items/คูเลอร์.jpg,ปกติ,2/2/2027 2:54,2/2/2027 2:55,1,2
232,ธงตราสัญลักษณ์พระนามาภิไธยย่อ ส.ธ.,images/items/ธงตราสัญลักษณ์พระนามาภิไธยย่อ ส.ธ. มวง.png,ปกติ,2/3/2027 2:54,2/3/2027 2:55,1,1
235,ธงตราสัญลักษณ์พระนามาภิไธยย่อ ส.ธ.,images/items/ธงตราสัญลักษณ์พระนามาภิไธยย่อ ส.ธ. มวง.png,ปกติ,2/4/2027 2:54,2/4/2027 2:55,1,1
298,ธงชาติไทย,images/items/ธงชาติไทย.jpg,ปกติ,2/5/2027 2:54,2/5/2027 2:55,1,1
393,ธงชาติไทย,images/items/ธงชาติไทย.jpg,ปกติ,2/6/2027 2:54,2/6/2027 2:55,1,1
402,ธงชาติไทย,images/items/ธงชาติไทย.jpg,ปกติ,2/7/2027 2:54,2/7/2027 2:55,1,1
399,ธงชาติไทย,images/items/ธงชาติไทย.jpg,ปกติ,2/8/2027 2:54,2/8/2027 2:55,1,1
405,ธงชาติไทย,images/items/ธงชาติไทย.jpg,ปกติ,2/9/2027 2:54,2/9/2027 2:55,1,1
416,ธงชาติไทย,images/items/ธงชาติไทย.jpg,ปกติ,2/10/2027 2:54,2/10/2027 2:55,1,1
891,คูลเลอร์,images/items/คูเลอร์.jpg,ปกติ,2/11/2027 2:54,2/11/2027 2:55,1,2
890,คูลเลอร์,images/items/คูเลอร์.jpg,ปกติ,2/12/2027 2:54,2/12/2027 2:55,1,2
552,ธงตราสัญลักษณ์พระปรมาภิไธยย่อ ว.ป.ร.,images/items/ธงตราสัญลักษณ์พระปรมาภิไธยย่อ ว.ป.ร. เหลือง.png,ปกติ,2/13/2027 2:54,2/13/2027 2:55,1,1
762,ธงประดับสัญลักษณ์พระนามาภิไธยย่อ ส.ก. น้ำเงิน,images/items/ธงประดับสัญลักษณ์พระนามาภิไธยย่อ ส.ก. น้ำเงิน.png,ปกติ,2/14/2027 2:54,2/14/2027 2:55,1,1
9,ธงประดับสัญลักษณ์พระนามาภิไธยย่อ ส.ท. ม่วง,images/items/ธงประดับสัญลักษณ์พระนามาภิไธยย่อ ส.ท. มวง.jpg,ปกติ,2/15/2027 2:54,2/15/2027 2:55,1,1
10,ธงประดับสัญลักษณ์พระนามาภิไธยย่อ ส.ท. ม่วง,images/items/ธงประดับสัญลักษณ์พระนามาภิไธยย่อ ส.ท. มวง.jpg,ปกติ,2/16/2027 2:54,2/16/2027 2:55,1,1
34,ธงประดับสัญลักษณ์พระนามาภิไธยย่อ ส.ท. ม่วง,images/items/ธงประดับสัญลักษณ์พระนามาภิไธยย่อ ส.ท. มวง.jpg,ปกติ,2/17/2027 2:54,2/17/2027 2:55,1,1
291,ธงชาติไทย,images/items/ธงชาติไทย.jpg,ปกติ,2/18/2027 2:54,2/18/2027 2:55,1,1
128,ธงตราสัญลักษณ์พระนามาภิไธยย่อ ส.ธ.,images/items/ธงตราสัญลักษณ์พระนามาภิไธยย่อ ส.ธ. มวง.png,ปกติ,2/19/2027 2:54,2/19/2027 2:55,1,1
139,ธงตราสัญลักษณ์พระนามาภิไธยย่อ ส.ธ.,images/items/ธงตราสัญลักษณ์พระนามาภิไธยย่อ ส.ธ. มวง.png,ปกติ,2/20/2027 2:54,2/20/2027 2:55,1,1
193,ธงตราสัญลักษณ์พระนามาภิไธยย่อ ส.ธ.,images/items/ธงตราสัญลักษณ์พระนามาภิไธยย่อ ส.ธ. มวง.png,ปกติ,2/21/2027 2:54,2/21/2027 2:55,1,1
217,ธงตราสัญลักษณ์พระนามาภิไธยย่อ ส.ธ.,images/items/ธงตราสัญลักษณ์พระนามาภิไธยย่อ ส.ธ. มวง.png,ปกติ,2/22/2027 2:54,2/22/2027 2:55,1,1
224,ธงตราสัญลักษณ์พระนามาภิไธยย่อ ส.ธ.,images/items/ธงตราสัญลักษณ์พระนามาภิไธยย่อ ส.ธ. มวง.png,ปกติ,2/23/2027 2:54,2/23/2027 2:55,1,1
240,ธงตราสัญลักษณ์พระนามาภิไธยย่อ ส.ธ.,images/items/ธงตราสัญลักษณ์พระนามาภิไธยย่อ ส.ธ. มวง.png,ปกติ,2/24/2027 2:54,2/24/2027 2:55,1,1
272,ธงชาติไทย,images/items/ธงชาติไทย.jpg,ปกติ,2/25/2027 2:54,2/25/2027 2:55,1,1
293,ธงชาติไทย,images/items/ธงชาติไทย.jpg,ปกติ,2/26/2027 2:54,2/26/2027 2:55,1,1
359,ธงชาติไทย,images/items/ธงชาติไทย.jpg,ปกติ,2/27/2027 2:54,2/27/2027 2:55,1,1
360,ธงชาติไทย,images/items/ธงชาติไทย.jpg,ปกติ,2/28/2027 2:54,2/28/2027 2:55,1,1
361,ธงชาติไทย,images/items/ธงชาติไทย.jpg,ปกติ,3/1/2027 2:54,3/1/2027 2:55,1,1
362,ธงชาติไทย,images/items/ธงชาติไทย.jpg,ปกติ,3/2/2027 2:54,3/2/2027 2:55,1,1
363,ธงชาติไทย,images/items/ธงชาติไทย.jpg,ปกติ,3/3/2027 2:54,3/3/2027 2:55,1,1
364,ธงชาติไทย,images/items/ธงชาติไทย.jpg,ปกติ,3/4/2027 2:54,3/4/2027 2:55,1,1
365,ธงชาติไทย,images/items/ธงชาติไทย.jpg,ปกติ,3/5/2027 2:54,3/5/2027 2:55,1,1
368,ธงชาติไทย,images/items/ธงชาติไทย.jpg,ปกติ,3/6/2027 2:54,3/6/2027 2:55,1,1
428,ธงชาติไทย,images/items/ธงชาติไทย.jpg,ปกติ,3/7/2027 2:54,3/7/2027 2:55,1,1
430,ธงชาติไทย,images/items/ธงชาติไทย.jpg,ปกติ,3/8/2027 2:54,3/8/2027 2:55,1,1
246,ธงตราสัญลักษณ์พระนามาภิไธยย่อ ส.ธ.,images/items/ธงตราสัญลักษณ์พระนามาภิไธยย่อ ส.ธ. มวง.png,ปกติ,3/9/2027 2:54,3/9/2027 2:55,1,1
247,ธงตราสัญลักษณ์พระนามาภิไธยย่อ ส.ธ.,images/items/ธงตราสัญลักษณ์พระนามาภิไธยย่อ ส.ธ. มวง.png,ปกติ,3/10/2027 2:54,3/10/2027 2:55,1,1
245,ธงตราสัญลักษณ์พระนามาภิไธยย่อ ส.ธ.,images/items/ธงตราสัญลักษณ์พระนามาภิไธยย่อ ส.ธ. มวง.png,ปกติ,3/11/2027 2:54,3/11/2027 2:55,1,1
472,ธงตราสัญลักษณ์พระปรมาภิไธยย่อ ว.ป.ร.,images/items/ธงตราสัญลักษณ์พระปรมาภิไธยย่อ ว.ป.ร. เหลือง.png,ปกติ,3/12/2027 2:54,3/12/2027 2:55,1,1
12,ธงประดับสัญลักษณ์พระนามาภิไธยย่อ ส.ท. ม่วง,images/items/ธงประดับสัญลักษณ์พระนามาภิไธยย่อ ส.ท. มวง.jpg,ปกติ,3/13/2027 2:54,3/13/2027 2:55,1,1
905,คูลเลอร์,images/items/คูเลอร์.jpg,ปกติ,3/14/2027 2:54,3/14/2027 2:55,1,2
902,คูลเลอร์,images/items/คูเลอร์.jpg,ปกติ,3/15/2027 2:54,3/15/2027 2:55,1,2
899,คูลเลอร์,images/items/คูเลอร์.jpg,ปกติ,3/16/2027 2:54,3/16/2027 2:55,1,2
903,คูลเลอร์,images/items/คูเลอร์.jpg,ปกติ,3/17/2027 2:54,3/17/2027 2:55,1,2
331,ธงชาติไทย,images/items/ธงชาติไทย.jpg,ปกติ,3/18/2027 2:54,3/18/2027 2:55,1,1
352,ธงชาติไทย,images/items/ธงชาติไทย.jpg,ปกติ,3/19/2027 2:54,3/19/2027 2:55,1,1
353,ธงชาติไทย,images/items/ธงชาติไทย.jpg,ปกติ,3/20/2027 2:54,3/20/2027 2:55,1,1
422,ธงชาติไทย,images/items/ธงชาติไทย.jpg,ปกติ,3/21/2027 2:54,3/21/2027 2:55,1,1
893,คูลเลอร์,images/items/คูเลอร์.jpg,ปกติ,3/22/2027 2:54,3/22/2027 2:55,1,2
342,ธงชาติไทย,images/items/ธงชาติไทย.jpg,ปกติ,3/23/2027 2:54,3/23/2027 2:55,1,1
380,ธงชาติไทย,images/items/ธงชาติไทย.jpg,ปกติ,3/24/2027 2:54,3/24/2027 2:55,1,1
386,ธงชาติไทย,images/items/ธงชาติไทย.jpg,ปกติ,3/25/2027 2:54,3/25/2027 2:55,1,1
66,ธงตราสัญลักษณ์พระนามาภิไธยย่อ ส.ธ.,images/items/ธงตราสัญลักษณ์พระนามาภิไธยย่อ ส.ธ. มวง.png,ปกติ,3/26/2027 2:54,3/26/2027 2:55,1,1
462,ธงตราสัญลักษณ์พระปรมาภิไธยย่อ ว.ป.ร.,images/items/ธงตราสัญลักษณ์พระปรมาภิไธยย่อ ว.ป.ร. เหลือง.png,ปกติ,3/27/2027 2:54,3/27/2027 2:55,1,1
505,ธงตราสัญลักษณ์พระปรมาภิไธยย่อ ว.ป.ร.,images/items/ธงตราสัญลักษณ์พระปรมาภิไธยย่อ ว.ป.ร. เหลือง.png,ปกติ,3/28/2027 2:54,3/28/2027 2:55,1,1
335,ธงชาติไทย,images/items/ธงชาติไทย.jpg,ปกติ,3/29/2027 2:54,3/29/2027 2:55,1,1
339,ธงชาติไทย,images/items/ธงชาติไทย.jpg,ปกติ,3/30/2027 2:54,3/30/2027 2:55,1,1
346,ธงชาติไทย,images/items/ธงชาติไทย.jpg,ปกติ,3/31/2027 2:54,3/31/2027 2:55,1,1
381,ธงชาติไทย,images/items/ธงชาติไทย.jpg,ปกติ,4/1/2027 2:54,4/1/2027 2:55,1,1
70,ธงตราสัญลักษณ์พระนามาภิไธยย่อ ส.ธ.,images/items/ธงตราสัญลักษณ์พระนามาภิไธยย่อ ส.ธ. มวง.png,ปกติ,4/2/2027 2:54,4/2/2027 2:55,1,1
486,ธงตราสัญลักษณ์พระปรมาภิไธยย่อ ว.ป.ร.,images/items/ธงตราสัญลักษณ์พระปรมาภิไธยย่อ ว.ป.ร. เหลือง.png,ปกติ,4/3/2027 2:54,4/3/2027 2:55,1,1
265,ธงชาติไทย,images/items/ธงชาติไทย.jpg,ปกติ,4/4/2027 2:54,4/4/2027 2:55,1,1
382,ธงชาติไทย,images/items/ธงชาติไทย.jpg,ปกติ,4/5/2027 2:54,4/5/2027 2:55,1,1
388,ธงชาติไทย,images/items/ธงชาติไทย.jpg,ปกติ,4/6/2027 2:54,4/6/2027 2:55,1,1
389,ธงชาติไทย,images/items/ธงชาติไทย.jpg,ปกติ,4/7/2027 2:54,4/7/2027 2:55,1,1
392,ธงชาติไทย,images/items/ธงชาติไทย.jpg,ปกติ,4/8/2027 2:54,4/8/2027 2:55,1,1
391,ธงชาติไทย,images/items/ธงชาติไทย.jpg,ปกติ,4/9/2027 2:54,4/9/2027 2:55,1,1
440,ธงชาติไทย,images/items/ธงชาติไทย.jpg,ปกติ,4/10/2027 2:54,4/10/2027 2:55,1,1
439,ธงชาติไทย,images/items/ธงชาติไทย.jpg,ปกติ,4/11/2027 2:54,4/11/2027 2:55,1,1
443,ธงชาติไทย,images/items/ธงชาติไทย.jpg,ปกติ,4/12/2027 2:54,4/12/2027 2:55,1,1
444,ธงชาติไทย,images/items/ธงชาติไทย.jpg,ปกติ,4/13/2027 2:54,4/13/2027 2:55,1,1
441,ธงชาติไทย,images/items/ธงชาติไทย.jpg,ปกติ,4/14/2027 2:54,4/14/2027 2:55,1,1
445,ธงชาติไทย,images/items/ธงชาติไทย.jpg,ปกติ,4/15/2027 2:54,4/15/2027 2:55,1,1
120,ธงตราสัญลักษณ์พระนามาภิไธยย่อ ส.ธ.,images/items/ธงตราสัญลักษณ์พระนามาภิไธยย่อ ส.ธ. มวง.png,ปกติ,4/16/2027 2:54,4/16/2027 2:55,1,1
119,ธงตราสัญลักษณ์พระนามาภิไธยย่อ ส.ธ.,images/items/ธงตราสัญลักษณ์พระนามาภิไธยย่อ ส.ธ. มวง.png,ปกติ,4/17/2027 2:54,4/17/2027 2:55,1,1
200,ธงตราสัญลักษณ์พระนามาภิไธยย่อ ส.ธ.,images/items/ธงตราสัญลักษณ์พระนามาภิไธยย่อ ส.ธ. มวง.png,ปกติ,4/18/2027 2:54,4/18/2027 2:55,1,1
888,คูลเลอร์,images/items/คูเลอร์.jpg,ปกติ,4/19/2027 2:54,4/19/2027 2:55,1,2
343,ธงชาติไทย,images/items/ธงชาติไทย.jpg,ปกติ,4/20/2027 2:54,4/20/2027 2:55,1,1
348,ธงชาติไทย,images/items/ธงชาติไทย.jpg,ปกติ,4/21/2027 2:54,4/21/2027 2:55,1,1
349,ธงชาติไทย,images/items/ธงชาติไทย.jpg,ปกติ,4/22/2027 2:54,4/22/2027 2:55,1,1
471,ธงตราสัญลักษณ์พระปรมาภิไธยย่อ ว.ป.ร.,images/items/ธงตราสัญลักษณ์พระปรมาภิไธยย่อ ว.ป.ร. เหลือง.png,ปกติ,4/23/2027 2:54,4/23/2027 2:55,1,1
510,ธงตราสัญลักษณ์พระปรมาภิไธยย่อ ว.ป.ร.,images/items/ธงตราสัญลักษณ์พระปรมาภิไธยย่อ ว.ป.ร. เหลือง.png,ปกติ,4/24/2027 2:54,4/24/2027 2:55,1,1
633,ธงตราสัญลักษณ์พระปรมาภิไธยย่อ ว.ป.ร.,images/items/ธงตราสัญลักษณ์พระปรมาภิไธยย่อ ว.ป.ร. เหลือง.png,ปกติ,4/25/2027 2:54,4/25/2027 2:55,1,1
366,ธงชาติไทย,images/items/ธงชาติไทย.jpg,ปกติ,4/26/2027 2:54,4/26/2027 2:55,1,1
367,ธงชาติไทย,images/items/ธงชาติไทย.jpg,ปกติ,4/27/2027 2:54,4/27/2027 2:55,1,1
372,ธงชาติไทย,images/items/ธงชาติไทย.jpg,ปกติ,4/28/2027 2:54,4/28/2027 2:55,1,1
394,ธงชาติไทย,images/items/ธงชาติไทย.jpg,ปกติ,4/29/2027 2:54,4/29/2027 2:55,1,1
395,ธงชาติไทย,images/items/ธงชาติไทย.jpg,ปกติ,4/30/2027 2:54,4/30/2027 2:55,1,1
63,ธงตราสัญลักษณ์พระนามาภิไธยย่อ ส.ธ.,images/items/ธงตราสัญลักษณ์พระนามาภิไธยย่อ ส.ธ. มวง.png,ปกติ,5/1/2027 2:54,5/1/2027 2:55,1,1
493,ธงตราสัญลักษณ์พระปรมาภิไธยย่อ ว.ป.ร.,images/items/ธงตราสัญลักษณ์พระปรมาภิไธยย่อ ว.ป.ร. เหลือง.png,ปกติ,5/2/2027 2:54,5/2/2027 2:55,1,1
550,ธงตราสัญลักษณ์พระปรมาภิไธยย่อ ว.ป.ร.,images/items/ธงตราสัญลักษณ์พระปรมาภิไธยย่อ ว.ป.ร. เหลือง.png,ปกติ,5/3/2027 2:54,5/3/2027 2:55,1,1
743,ธงประดับสัญลักษณ์พระนามาภิไธยย่อ ส.ก. น้ำเงิน,images/items/ธงประดับสัญลักษณ์พระนามาภิไธยย่อ ส.ก. น้ำเงิน.png,ปกติ,5/4/2027 2:54,5/4/2027 2:55,1,1
518,ธงตราสัญลักษณ์พระปรมาภิไธยย่อ ว.ป.ร.,images/items/ธงตราสัญลักษณ์พระปรมาภิไธยย่อ ว.ป.ร. เหลือง.png,ปกติ,5/5/2027 2:54,5/5/2027 2:55,1,1
520,ธงตราสัญลักษณ์พระปรมาภิไธยย่อ ว.ป.ร.,images/items/ธงตราสัญลักษณ์พระปรมาภิไธยย่อ ว.ป.ร. เหลือง.png,ปกติ,5/6/2027 2:54,5/6/2027 2:55,1,1
522,ธงตราสัญลักษณ์พระปรมาภิไธยย่อ ว.ป.ร.,images/items/ธงตราสัญลักษณ์พระปรมาภิไธยย่อ ว.ป.ร. เหลือง.png,ปกติ,5/7/2027 2:54,5/7/2027 2:55,1,1
543,ธงตราสัญลักษณ์พระปรมาภิไธยย่อ ว.ป.ร.,images/items/ธงตราสัญลักษณ์พระปรมาภิไธยย่อ ว.ป.ร. เหลือง.png,ปกติ,5/8/2027 2:54,5/8/2027 2:55,1,1
548,ธงตราสัญลักษณ์พระปรมาภิไธยย่อ ว.ป.ร.,images/items/ธงตราสัญลักษณ์พระปรมาภิไธยย่อ ว.ป.ร. เหลือง.png,ปกติ,5/9/2027 2:54,5/9/2027 2:55,1,1
547,ธงตราสัญลักษณ์พระปรมาภิไธยย่อ ว.ป.ร.,images/items/ธงตราสัญลักษณ์พระปรมาภิไธยย่อ ว.ป.ร. เหลือง.png,ปกติ,5/10/2027 2:54,5/10/2027 2:55,1,1
568,ธงตราสัญลักษณ์พระปรมาภิไธยย่อ ว.ป.ร.,images/items/ธงตราสัญลักษณ์พระปรมาภิไธยย่อ ว.ป.ร. เหลือง.png,ปกติ,5/11/2027 2:54,5/11/2027 2:55,1,1
570,ธงตราสัญลักษณ์พระปรมาภิไธยย่อ ว.ป.ร.,images/items/ธงตราสัญลักษณ์พระปรมาภิไธยย่อ ว.ป.ร. เหลือง.png,ปกติ,5/12/2027 2:54,5/12/2027 2:55,1,1
569,ธงตราสัญลักษณ์พระปรมาภิไธยย่อ ว.ป.ร.,images/items/ธงตราสัญลักษณ์พระปรมาภิไธยย่อ ว.ป.ร. เหลือง.png,ปกติ,5/13/2027 2:54,5/13/2027 2:55,1,1
572,ธงตราสัญลักษณ์พระปรมาภิไธยย่อ ว.ป.ร.,images/items/ธงตราสัญลักษณ์พระปรมาภิไธยย่อ ว.ป.ร. เหลือง.png,ปกติ,5/14/2027 2:54,5/14/2027 2:55,1,1
592,ธงตราสัญลักษณ์พระปรมาภิไธยย่อ ว.ป.ร.,images/items/ธงตราสัญลักษณ์พระปรมาภิไธยย่อ ว.ป.ร. เหลือง.png,ปกติ,5/15/2027 2:54,5/15/2027 2:55,1,1
593,ธงตราสัญลักษณ์พระปรมาภิไธยย่อ ว.ป.ร.,images/items/ธงตราสัญลักษณ์พระปรมาภิไธยย่อ ว.ป.ร. เหลือง.png,ปกติ,5/16/2027 2:54,5/16/2027 2:55,1,1
594,ธงตราสัญลักษณ์พระปรมาภิไธยย่อ ว.ป.ร.,images/items/ธงตราสัญลักษณ์พระปรมาภิไธยย่อ ว.ป.ร. เหลือง.png,ปกติ,5/17/2027 2:54,5/17/2027 2:55,1,1
596,ธงตราสัญลักษณ์พระปรมาภิไธยย่อ ว.ป.ร.,images/items/ธงตราสัญลักษณ์พระปรมาภิไธยย่อ ว.ป.ร. เหลือง.png,ปกติ,5/18/2027 2:54,5/18/2027 2:55,1,1
622,ธงตราสัญลักษณ์พระปรมาภิไธยย่อ ว.ป.ร.,images/items/ธงตราสัญลักษณ์พระปรมาภิไธยย่อ ว.ป.ร. เหลือง.png,ปกติ,5/19/2027 2:54,5/19/2027 2:55,1,1
617,ธงตราสัญลักษณ์พระปรมาภิไธยย่อ ว.ป.ร.,images/items/ธงตราสัญลักษณ์พระปรมาภิไธยย่อ ว.ป.ร. เหลือง.png,ปกติ,5/20/2027 2:54,5/20/2027 2:55,1,1
621,ธงตราสัญลักษณ์พระปรมาภิไธยย่อ ว.ป.ร.,images/items/ธงตราสัญลักษณ์พระปรมาภิไธยย่อ ว.ป.ร. เหลือง.png,ปกติ,5/21/2027 2:54,5/21/2027 2:55,1,1
654,ธงตราสัญลักษณ์พระปรมาภิไธยย่อ ว.ป.ร.,images/items/ธงตราสัญลักษณ์พระปรมาภิไธยย่อ ว.ป.ร. เหลือง.png,ปกติ,5/22/2027 2:54,5/22/2027 2:55,1,1
655,ธงตราสัญลักษณ์พระปรมาภิไธยย่อ ว.ป.ร.,images/items/ธงตราสัญลักษณ์พระปรมาภิไธยย่อ ว.ป.ร. เหลือง.png,ปกติ,5/23/2027 2:54,5/23/2027 2:55,1,1
648,ธงตราสัญลักษณ์พระปรมาภิไธยย่อ ว.ป.ร.,images/items/ธงตราสัญลักษณ์พระปรมาภิไธยย่อ ว.ป.ร. เหลือง.png,ปกติ,5/24/2027 2:54,5/24/2027 2:55,1,1
656,ธงตราสัญลักษณ์พระปรมาภิไธยย่อ ว.ป.ร.,images/items/ธงตราสัญลักษณ์พระปรมาภิไธยย่อ ว.ป.ร. เหลือง.png,ปกติ,5/25/2027 2:54,5/25/2027 2:55,1,1
674,ธงตราสัญลักษณ์พระปรมาภิไธยย่อ ว.ป.ร.,images/items/ธงตราสัญลักษณ์พระปรมาภิไธยย่อ ว.ป.ร. เหลือง.png,ปกติ,5/26/2027 2:54,5/26/2027 2:55,1,1
677,ธงตราสัญลักษณ์พระปรมาภิไธยย่อ ว.ป.ร.,images/items/ธงตราสัญลักษณ์พระปรมาภิไธยย่อ ว.ป.ร. เหลือง.png,ปกติ,5/27/2027 2:54,5/27/2027 2:55,1,1
681,ธงตราสัญลักษณ์พระปรมาภิไธยย่อ ว.ป.ร.,images/items/ธงตราสัญลักษณ์พระปรมาภิไธยย่อ ว.ป.ร. เหลือง.png,ปกติ,5/28/2027 2:54,5/28/2027 2:55,1,1
680,ธงตราสัญลักษณ์พระปรมาภิไธยย่อ ว.ป.ร.,images/items/ธงตราสัญลักษณ์พระปรมาภิไธยย่อ ว.ป.ร. เหลือง.png,ปกติ,5/29/2027 2:54,5/29/2027 2:55,1,1
682,ธงตราสัญลักษณ์พระปรมาภิไธยย่อ ว.ป.ร.,images/items/ธงตราสัญลักษณ์พระปรมาภิไธยย่อ ว.ป.ร. เหลือง.png,ปกติ,5/30/2027 2:54,5/30/2027 2:55,1,1
673,ธงตราสัญลักษณ์พระปรมาภิไธยย่อ ว.ป.ร.,images/items/ธงตราสัญลักษณ์พระปรมาภิไธยย่อ ว.ป.ร. เหลือง.png,ปกติ,5/31/2027 2:54,5/31/2027 2:55,1,1
699,ธงตราสัญลักษณ์พระปรมาภิไธยย่อ ว.ป.ร.,images/items/ธงตราสัญลักษณ์พระปรมาภิไธยย่อ ว.ป.ร. เหลือง.png,ปกติ,6/1/2027 2:54,6/1/2027 2:55,1,1
700,ธงตราสัญลักษณ์พระปรมาภิไธยย่อ ว.ป.ร.,images/items/ธงตราสัญลักษณ์พระปรมาภิไธยย่อ ว.ป.ร. เหลือง.png,ปกติ,6/2/2027 2:54,6/2/2027 2:55,1,1
701,ธงตราสัญลักษณ์พระปรมาภิไธยย่อ ว.ป.ร.,images/items/ธงตราสัญลักษณ์พระปรมาภิไธยย่อ ว.ป.ร. เหลือง.png,ปกติ,6/3/2027 2:54,6/3/2027 2:55,1,1
708,ธงตราสัญลักษณ์พระปรมาภิไธยย่อ ว.ป.ร.,images/items/ธงตราสัญลักษณ์พระปรมาภิไธยย่อ ว.ป.ร. เหลือง.png,ปกติ,6/4/2027 2:54,6/4/2027 2:55,1,1
709,ธงตราสัญลักษณ์พระปรมาภิไธยย่อ ว.ป.ร.,images/items/ธงตราสัญลักษณ์พระปรมาภิไธยย่อ ว.ป.ร. เหลือง.png,ปกติ,6/5/2027 2:54,6/5/2027 2:55,1,1
702,ธงตราสัญลักษณ์พระปรมาภิไธยย่อ ว.ป.ร.,images/items/ธงตราสัญลักษณ์พระปรมาภิไธยย่อ ว.ป.ร. เหลือง.png,ปกติ,6/6/2027 2:54,6/6/2027 2:55,1,1
